-- MySQL dump 10.13  Distrib 5.7.35, for Win64 (x86_64)
--
-- Host: j10e203.p.ssafy.io    Database: ddukddak
-- ------------------------------------------------------
-- Server version	8.3.0

/*!40101 SET @OLD_CHARACTER_SET_CLIENT=@@CHARACTER_SET_CLIENT */;
/*!40101 SET @OLD_CHARACTER_SET_RESULTS=@@CHARACTER_SET_RESULTS */;
/*!40101 SET @OLD_COLLATION_CONNECTION=@@COLLATION_CONNECTION */;
/*!40101 SET NAMES utf8 */;
/*!40103 SET @OLD_TIME_ZONE=@@TIME_ZONE */;
/*!40103 SET TIME_ZONE='+00:00' */;
/*!40014 SET @OLD_UNIQUE_CHECKS=@@UNIQUE_CHECKS, UNIQUE_CHECKS=0 */;
/*!40014 SET @OLD_FOREIGN_KEY_CHECKS=@@FOREIGN_KEY_CHECKS, FOREIGN_KEY_CHECKS=0 */;
/*!40101 SET @OLD_SQL_MODE=@@SQL_MODE, SQL_MODE='NO_AUTO_VALUE_ON_ZERO' */;
/*!40111 SET @OLD_SQL_NOTES=@@SQL_NOTES, SQL_NOTES=0 */;

--
-- Table structure for table `book`
--

DROP TABLE IF EXISTS `book`;
/*!40101 SET @saved_cs_client     = @@character_set_client */;
/*!40101 SET character_set_client = utf8 */;
CREATE TABLE `book` (
  `book_id` int NOT NULL AUTO_INCREMENT,
  `book_author` varchar(30) COLLATE utf8mb4_unicode_ci NOT NULL,
  `book_title` varchar(30) COLLATE utf8mb4_unicode_ci NOT NULL,
  `book_story` text COLLATE utf8mb4_unicode_ci NOT NULL,
  `book_page` int NOT NULL,
  `main_person` varchar(30) COLLATE utf8mb4_unicode_ci DEFAULT NULL,
  `sub_person` varchar(30) COLLATE utf8mb4_unicode_ci DEFAULT NULL,
  PRIMARY KEY (`book_id`)
) ENGINE=InnoDB AUTO_INCREMENT=124 DEFAULT CHARSET=utf8mb4 COLLATE=utf8mb4_unicode_ci;
/*!40101 SET character_set_client = @saved_cs_client */;

--
-- Dumping data for table `book`
--

LOCK TABLES `book` WRITE;
/*!40000 ALTER TABLE `book` DISABLE KEYS */;
INSERT INTO `book` VALUES (1,'로알드 달','찰리와 초콜릿 공장','찰리는 신비로운 초콜릿 공장의 주인 원카로부터 초대장을 받고, 그의 이야기가 시작돼요. 공장 안에서는 놀라운 이벤트와 시험이 펼쳐지며, 찰리와 친구들은 꿈을 이루는 여정을 함께 하게 되어요. 초콜릿의 향기와 함께 즐거운 모험을 따라가며, 찰리와 친구들의 우정과 성장을 함께 느껴보세요!',0,NULL,NULL),(2,'로알드 달','마틸다','마법 같은 힘을 가진 천재 소녀 마틸다는 가정에서 이해받지 못하지만, 책을 통해 지식과 우정을 찾아가요. 용기와 영리함으로 주변의 문제를 해결하며, 자신의 특별함을 발견하는 이야기야. 마틸다와 함께 자신을 믿고 꿈을 이루는 여정을 떠나보세요!',0,NULL,NULL),(3,'F. 스콧 피츠제럴드','위대한 개츠비','신비로운 주인공 개츠비를 만나게 된 닉은 그의 비밀과 운명을 알게 되면서, 돈과 사랑, 그리고 인생의 진정한 가치에 대해 생각하게 돼요. 개츠비의 용기와 사랑을 통해 당신은 자신의 꿈을 이루고자 하는 열망을 느낄 거예요. 함께 위대한 개츠비의 이야기를 통해 우정과 용기의 의미를 발견해보세요!',0,NULL,NULL),(4,'안나 세웰','블랙 뷰티','말로서 마음을 움직이는 블랙뷰티가 여러 주인을 만나며 사랑과 배려의 의미를 알아가요. 어려움 속에서도 희망을 잃지 않고 노력하는 블랙뷰티는 우정과 성숙, 그리고 동물의 힘을 발견해나가요. 함께 블랙뷰티의 용감한 모험을 따라가며 새로운 친구와의 우정을 느껴보세요!',0,NULL,NULL),(5,'조너선 스위프트','걸리버 여행기','레미유엘 걸리버가 작은 섬에 떨어져, 작은 사람들과 친구가 되며 신기한 모험을 시작해요. 하지만 큰 사람들인 브로브딩너그를 만나게 되어, 새로운 친구와 함께 다양한 문화를 경험하며 모험을 이어나가요. 함께 여행하며 친구와의 소중함을 배우는 걸리버의 이야기에 동경할 거예요!',0,NULL,NULL),(6,'전래 동화','아기돼지 삼형제','어린 아기돼지 삼 형제가 큰 나쁜 늑대로부터 자신을 지키기 위해 모험을 떠나는 이야기에요. 각각의 동생이 서로를 돕고 지켜주며 함께 어려움을 극복해 나가요.',0,NULL,NULL),(7,'찰스 디킨스','두 도시 이야기','두 도시를 배경으로 한 이야기로, 서로 다른 두 도시의 문화와 사람들을 소개하며 각각의 도시에서 일어나는 모험과 이야기를 담고 있어요.',0,NULL,NULL),(8,'우이다','플랜더스의 개','사람들에게 흥미로운 어드벤처를 제공하는 플랜더스의 개의 이야기에요. 그의 용기와 인내력을 통해 어려움을 극복하고 친구들을 돕는 이야기를 담고 있어요.',0,NULL,NULL),(9,'츠츠이 야스타카','시간을 달리는 소녀','시간을 조종할 수 있는 능력을 가진 소녀가 어느 날 부모님이 실종되자, 시간을 달리며 그녀의 모험과 여정을 따라가요. 용기와 희망을 주제로 한 이야기에요.',0,NULL,NULL),(10,'마거릿 피터슨 하디스','그림자 아이들','그림자 아이들은 밤에만 나타나는 신비로운 아이들로, 사람들의 꿈과 소망을 이루어주는 마법같은 이야기를 담고 있어요. 함께 그림자 아이들의 비밀을 밝혀가며 모험을 즐겨보세요!',0,NULL,NULL),(11,'E.B. 화이트','스튜어트 리틀','작은 마우스인 스튜어트 리틀이 인간 가족과 함께 생활하면서 겪는 모험을 다루는 이야기에요. 작은 몸집에도 불구하고, 스튜어트는 용감하고 창의적인 모험가로, 다양한 문제를 해결하며 친구들과 함께 성장해나가요.',0,NULL,NULL),(12,'E.B. 화이트','샬롯의 거미줄','돼지 친구 윌버와 함께 살고 있는 아가씨 소에게 잡혀간 돼지를 구하기 위해 샬롯이 거미줄에 특별한 글씨를 써서 사람들의 관심을 끌어내는 이야기에요. 샬롯의 용기와 사랑이 동물들과 사람들의 마음을 움직여요.',0,NULL,NULL),(13,'프랜시스 호지슨 버넷','샐리 락','특별한 능력을 가진 소녀인 샐리 락은 우연히 발견한 마법 책을 통해 모험과 마법의 세계로 빠져들게 되는 이야기에요. 샐리 락은 자신의 용기와 능력을 발휘하여 친구들과 함께 악당을 상대하며 모험을 벌여나가요.',0,NULL,NULL),(14,'베아트릭스 포터','토끼 피터 이야기','토끼 피터와 그의 친구들이 각종 모험을 통해 성장하고 배우는 이야기에요. 매력적인 캐릭터와 재미있는 이야기 속에서 우정과 용기의 중요성을 알아가요.',0,NULL,NULL),(15,'마가렛 미첼','바람과 함께 사라지다','미국 남부의 장엄한 역사 배경 속에서 전쟁, 사랑, 배신, 용기 등 다양한 이야기가 펼쳐지는 소설이에요. 주인공 스칼렛 오하라의 운명과 성장을 따라가며 감동과 여운을 느껴보세요!',0,NULL,NULL),(16,'로버트 루이스 스티븐슨','트레져 아일랜드','소년 지민 호킨스가 선장 실버와 함께 보물을 찾아 모험을 떠나는 이야기에요. 보물 지도를 토대로 떠나는 모험은 위험과 흥미로 가득찬데요, 지민은 용감함과 친구들과의 협력을 통해 모험을 이겨나가요.',0,NULL,NULL),(17,'황선미','마당을 나온 암탉','마당의 암탉들이 어느 날 자유를 찾아 마을을 떠나 모험을 떠나는 이야기에요. 서로를 돕고 용기를 내어 힘든 상황을 이겨내며, 친구들과의 우정을 형성하는 이야기를 담고 있어요.',0,NULL,NULL),(18,'J.D. 샐린저','달을 향해 쏴라','한 소년의 꿈과 용기가 담긴 이야기로, 달을 향해 우주 여행을 꿈꾸는 소년이 자신의 꿈을 이루기 위해 모험을 떠나는 이야기에요. 꿈을 향한 도전과 용기를 통해 성장하는 이야기를 담고 있어요.',0,NULL,NULL),(19,'빅토르 위고','레미제라블','프랑스 혁명의 배경을 둔 이야기로, 다양한 캐릭터들의 우정과 사랑, 그리고 자유를 향한 갈망이 담겨 있어요. 각자의 운명과 이야기를 통해 자유를 찾아가는 모험을 따라가며 감동을 느껴보세요.',0,NULL,NULL),(20,'안데르센','나이팅게일','비행선을 타고 우주 여행을 떠나는 이야기로, 용감한 나이팅게일 선장과 그의 승무원들이 우주를 탐험하며 다양한 모험과 우주 생명체들을 만나는 이야기에요. 함께 선장과 승무원들의 용기와 모험을 경험해보세요!',0,NULL,NULL),(21,'루이스 캐럴','이상한 나라의 앨리스','앨리스가 토끼굴로 떨어지면서 시작되는 환상적인 여행을 다루는 이야기에요. 앨리스는 이상한 동물들을 만나며 흥미진진한 모험을 경험하고, 자신을 찾아가는 여정을 떠나요.',0,NULL,NULL),(22,'안데르센','눈의 여왕','눈의 여왕이라 불리는 마법의 여인에게 얼어붙은 친구를 구하기 위해 여정을 떠나는 소녀인 게르다의 이야기에요. 용기와 우정의 중요성을 배우며 여왕의 마법을 이겨낼 모험을 담고 있어요.',0,NULL,NULL),(23,'루시 모드 몽고메리','빨간 머리 앤','빨간 머리 앤은 캐나다의 작은 마을에서 커다란 모험을 경험하는 이야기에요. 앤은 눈에 띄는 붉은 머리카락과 밝은 성격으로 많은 사람들의 마음을 사로잡고, 자신의 꿈을 향해 성장해나가요.',0,NULL,NULL),(24,'루디어드 키플링','정글북','인간으로서의 교육을 받은 맹수들이 실수로 정글에 내려와 인간 세상을 경험하는 이야기에요. 다양한 동물들과 함께 인간 세상의 규칙과 가치에 대해 배우며 모험을 떠나요.',0,NULL,NULL),(25,'안데르센','벌거 벗은 임금님','제복을 입지 않은 벌거벗은 임금님이 성실한 재킷을 만들기 위해 다양한 재료를 사용하는 이야기에요. 임금님이 창의적으로 문제를 해결하며 성장하고 우정을 형성하는 이야기를 담고 있어요.',0,NULL,NULL),(26,'모리스 마테를링크','파랑새','소녀 아가씨와 그녀의 파랑새인 블루버드가 함께 미지의 세계로 떠나는 이야기에요. 블루버드는 아가씨를 위해 여러 모험을 하며 용기와 우정을 배우고, 아가씨는 블루버드와 함께 자유롭고 행복한 모험을 즐겨요.',0,NULL,NULL),(27,'샤를 페로','잠자는 숲속의 미녀','젊은 왕자가 잠들어 있는 미녀를 찾아내고, 그녀를 키우기 위해 여러 모험을 하면서 진정한 사랑을 찾아가는 이야기에요. 미녀를 찾기 위한 여정은 많은 동화의 원작이 되었어요.',0,NULL,NULL),(28,'잔 마리 르프랭스 드 보몽','뷰티 앤 더 비스트','아름다운 벨이 더 비스트에게 자신을 대신하여 살게 하기 위해 자원하는 이야기에요. 뷰티와 더 비스트 사이의 우정과 사랑이 서로를 변화시키는 여정을 다루고 있어요.',0,NULL,NULL),(29,'J.K. 롤링','해리 포터 시리즈','해리 포터가 마법사 세계에서의 모험을 겪는 이야기로, 그의 성장과 용기, 우정과 사랑을 다루고 있어요. 해리와 그의 친구들이 악당을 상대로 전투를 벌이며 마법 세계의 비밀을 밝혀나가요.',0,NULL,NULL),(30,'L. 프랭크 바움','오즈의 마법사','소년 도로시가 날개를 가진 원숭이와 함께 오즈의 마법사를 찾아 여행을 떠나는 이야기에요. 도로시와 그녀의 친구들이 다양한 동물들과 함께 마법과 모험으로 가득찬 오즈의 세계를 탐험해요.',0,NULL,NULL),(31,'C.S. 루이스','나니아 연대기','나니아 연대기는 피터, 스ью, 에드몬드, 루시 네 형제와 여러 동물 친구들이 함께하는 모험을 다루는 이야기에요. 그들은 마법의 나니아 세계에서 각종 모험과 싸움을 경험하며 성장하고, 나니아를 구하기 위한 여정을 떠나요.',0,NULL,NULL),(32,'형제 그림','헨젤과 그레텔','헨젤과 그레텔은 숲 속에서 마법사의 집으로부터 도망치며 모험을 겪는 이야기에요. 두 형제는 기지를 발휘하여 위험을 피하며 집으로 돌아가기 위해 노력하고, 마법사를 이기고 집으로 돌아가는 모험을 담고 있어요.',0,NULL,NULL),(33,'마크 트웨인','톰 소여의 모험','톰 소여는 소년이며, 그의 어린 시절과 일상생활을 다루는 이야기에요. 톰 소여는 용감하고 재치있는 소년으로, 다양한 모험과 재미있는 이야기가 그를 둘러싸고 있어요.',0,NULL,NULL),(34,'다니엘 디포','로빈슨 크루소','로빈슨 크루소는 선박 난파 후 무인도에 유일한 생존자로 남게 되어, 그가 어떻게 살아남고 자신의 생존을 확보하는지를 다루는 이야기에요. 로빈슨은 자원과 창의력을 활용하여 섬에서 생활하고, 모험과 위험을 극복하며 생존을 이어나가요.',0,NULL,NULL),(35,'루이자 메이 올콧','작은 아씨들','작은 아씨들은 여러 자매들과 그들의 가족, 친구들이 사는 삶의 이야기에요. 자매들은 성장하고, 사랑과 우정을 발견하며, 자신의 꿈을 찾아가는 여정을 떠나요.',0,NULL,NULL),(36,'허먼 멜빌','모비 딕','이야기의 주인공인 이새프는 큰 고래 모비딕을 추적하는 무모한 수렵자로, 고래를 추적하며 위험한 여정을 떠나는 이야기에요. 이야기는 이새프와 그의 선원들이 바다에서의 모험을 통해 용기와 인간 본성에 대해 탐구하는 내용을 담고 있어요.',0,NULL,NULL),(37,'조너선 스위프트','빌리버 여행기','레미유엘 걸리버가 작은 섬에 떨어져, 작은 사람들과 큰 사람들을 만나면서 다양한 모험을 겪는 이야기에요. 걸리버는 작은 섬에서의 생활을 체험하며 다양한 문화와 생활 방식을 알아가요.',0,NULL,NULL),(38,'카를로 콜로디','피노키오의 모험','나무에서 태어난 나무꾼의 아들인 피노키오가 인간이 되기 위한 모험을 담은 이야기에요. 피노키오는 거짓말을 하면 코가 길어진다는 점을 통해 용기와 진실의 중요성을 배우며 성장하는 이야기에요.',0,NULL,NULL),(39,'앙투안 드 생텍쥐페리','어린 왕자','어린 왕자가 여행을 하며 여러 행성을 방문하며 만나는 다양한 인물들과의 대화를 통해 우정과 성장, 그리고 인간의 본질에 대해 탐구하는 이야기에요. 어린 왕자는 여행을 통해 인간 세계와의 상호 작용에서 얻는 깊은 깨달음을 얻게 되요.',0,NULL,NULL),(40,'한스 크리스티안 안데르센','안데르센 동화','한스 크리스티안 안데르센이 쓴 다양한 동화들로 구성된 책으로, 고전적인 동화들을 통해 우정, 사랑, 용기, 자기 발견 등 다양한 주제를 다루고 있어요. 각각의 동화는 독특한 세계와 메시지를 담고 있어요.',0,NULL,NULL),(41,'루스 스타일스 개넷','엘라의 마법','평범한 소녀인 엘라가 마법사에게 마법을 배우게 되면서 일어나는 이야기에요. 엘라는 마법을 통해 여러 모험을 겪으며 용기와 자신감을 찾아가요.',0,NULL,NULL),(42,'안데르센','엄지 공주','엄지 소녀가 태어나면서 일어나는 이야기로, 엄지 소녀는 작은 크기에도 불구하고 용감하고 씩씩한 모험가로 성장하며 여러 도전을 이겨내는 이야기에요.',0,NULL,NULL),(43,'데이비드 맥키','엘머의 모험','어린 코끼리 엘머가 자신의 특별함을 발견하고, 모험과 우정을 찾아 나서는 이야기에요. 엘머는 자신의 용기와 인내력을 통해 어려움을 극복하며 여러 친구들과 함께 성장하는 이야기에요.',0,NULL,NULL),(44,'노먼 브릿지웰','클리퍼드 더 빅 레드 독','클리퍼드는 크기가 큰 빨간 개로, 그의 마음이 크고 따뜻한 이야기를 담고 있어요. 클리퍼드는 사랑과 우정, 그리고 자신을 받아들이는 모험을 담고 있어요.',0,NULL,NULL),(45,'애니 M.G. 슈미트','야삐와 그의 아빠','야삐는 작은 새이고, 그와 그의 아빠가 함께하는 모험을 다루는 이야기에요. 야삐는 용감하고 호기심이 많은 새로, 다양한 친구들을 만나며 새로운 경험과 우정을 만나요.',0,NULL,NULL),(46,'에르네스트 H. 셰퍼드','위니 더 푸','위니는 작은 곰이지만, 그의 용기와 친구들과의 우정을 통해 여러 모험을 겪는 이야기에요. 위니와 그의 친구들은 숲 속에서 다양한 문제를 해결하고, 성장하며 함께 여행을 떠나요.',0,NULL,NULL),(47,'워털 드 라 메어','더 미드나잇 포크','어린 소년 피터와 그의 친구들이 미드나잇 포크에 오르다보면서 일어나는 이야기로, 그들은 마법과 모험으로 가득찬 세계를 탐험하며 용감하게 여정을 이어나가요.',0,NULL,NULL),(48,'제임스 스티븐슨','그랜드파스 테일스','그랜드파스는 작은 마을에서 일어나는 다양한 이야기들을 담은 책으로, 동물들과 인간들이 함께 모험을 하며 우정을 형성하고 성장하는 이야기들이 담겨 있어요.',0,NULL,NULL),(49,'마거릿 마호이','알프레드 히치콕과 세 마리의 탐정','알프레드 히치콕과 그의 친구들인 세 마리의 동물 탐정들이 함께 사건을 해결하며 모험을 벌이는 이야기에요. 그들은 미스터리를 해결하고 용감하게 범인을 찾아내요.',0,NULL,NULL),(50,'로버타 스미스','프린세스 스쿨','프린세스 스쿨은 공주들이 여러 가지 공주 테스트를 통해 자신의 용기와 지혜를 키우며 공주로서의 자질을 배우는 이야기에요. 공주들은 모험과 우정을 통해 자신의 꿈을 이루기 위해 노력해요.',0,NULL,NULL),(51,'베로니카 로스','다이버전트','특별한 능력을 가진 사람들이 사는 도시를 배경으로 한 이야기에요. 주인공 트리스는 자신이 속한 집단을 벗어나 다른 집단에 들어가는 여정을 통해 자신의 정체성과 용기를 발견하는 이야기를 담고 있어요.',0,NULL,NULL),(52,'레인 스미스','주디 무디','영국의 소녀인 주디 무디가 자신의 상상력과 용기를 통해 여러 모험을 겪는 이야기에요. 주디는 자신의 꿈을 향해 노력하며, 용기와 자신감을 찾아가요.',0,NULL,NULL),(53,'존 스키즈카','남자 아이들을 위한 위대한 탈출 이야기','제2차 세계대전 중 유럽에서 나치로부터 탈출하기 위한 모험을 다루는 이야기에요. 주인공들은 용기와 지능을 발휘하여 위험을 이겨내며 자유를 찾아가요.',0,NULL,NULL),(54,'로렌 차일드','클라리스 빈','클라리스 빈은 환상적인 세계로 떠나 자신의 용기와 능력을 발견하는 이야기에요. 클라리스는 여러 모험을 겪으며 성장하고, 자신의 꿈을 찾아가요.',0,NULL,NULL),(55,'루이스 서커','구멍가게 아이들','다양한 배경과 특성을 가진 아이들이 모여 함께 모험을 떠나는 이야기에요. 구멍가게에서 모이는 아이들은 우정과 자신의 능력을 발견하며 다양한 모험을 즐겨요.',0,NULL,NULL),(56,'캐서린 패터슨','브릿지 투 테라비시아','주인공 제시는 친구 레슬리와 함께 신비한 세계 테라비시아로 들어가게 되면서 모험을 시작하게 됩니다. 그 곳에서는 우정과 성장, 소통의 중요성을 배우게 되는데요. 이는 자기애를 극복하고 자신을 받아들이는 이야기로도 해석될 수 있습니다.',0,NULL,NULL),(57,'마이클 엔드','모모','모모는 시간을 아끼고 소중히 여기는 능력을 가진 소녀로, 사람들이 모두 바쁘게 달려가는 도시에 등장하면서 주변을 변화시킵니다. 이 책은 시간과 소통의 중요성을 강조하는 동화적인 이야기입니다.',0,NULL,NULL),(58,'안네홀트 슈와르츠','나쁜말을 먹는 괴물','주인공인 마우리는 악마와의 거래로 나쁜말을 먹는 괴물을 만나게 됩니다. 그러나 이 괴물이 일으키는 문제로 인해 사람들은 서로 소통할 수 없게 되고, 결국 마우리는 이를 해결하기 위해 노력하게 됩니다.',0,NULL,NULL),(59,'토니 디테를리지','스파이더위크 연대기','모험가인 아이비는 스파이더위크에 도착하면서 다양한 동물과 만나며 모험을 시작하게 됩니다. 이는 용기와 친구들과의 협력의 중요성을 다루는 이야기입니다.',0,NULL,NULL),(60,'엔니드 블라이턴','신비한 섬','어린 소녀 필립은 신비로운 섬에 떨어지면서 동물 친구들과 함께 섬에서의 생활을 즐기면서 다양한 모험을 경험하게 됩니다. 이는 용기와 자연에 대한 존경을 다루는 이야기입니다.',0,NULL,NULL),(61,'한스 크리스티안 안데르센','인어 공주','인어공주인 아리엘은 인간 세계를 탐험하고 인간과 사랑에 빠지는 이야기에요. 하지만 인어의 세계와 인간 세계 간의 장벽과 애정사를 다루고 있습니다.',0,NULL,NULL),(62,'형제 그림','백설공주','악의적인 새엄마의 시기로 인해 숲 속에 사는 일곱 난쟁이들과 함께 지내며 행복을 찾는 백설공주의 이야기입니다. 사과에 독이 들어간 것을 먹고 잠들어 버린 백설공주를 찾는 왕자가 등장하여 행복한 결말을 맞이하게 됩니다.',0,NULL,NULL),(63,'샤를 페로','신데렐라','가난한 소녀 신데렐라는 마법사의 도움으로 왕궁에서 열리는 축제에 참석하게 되고, 그곳에서 왕자와 마주치며 사랑을 이루는 이야기입니다.',0,NULL,NULL),(64,'J.M. 배리','피터팬','피터팬은 판의 나라로 아이들을 이끌고 가는 마법의 소년으로, 그와 함께 판의 나라를 탐험하며 여러 모험을 경험하는 이야기에요.',0,NULL,NULL),(65,'찰스 퍼로','푸스 장화를 신은 고양이','푸스는 주인인 청년을 위해 고양이로 변하여 재산과 명예를 쌓아가는 이야기에요. 푸스는 교활하고 재치있는 계획을 통해 주인을 도와 행복을 찾아가요.',0,NULL,NULL),(66,'제프리 차우서','캔터베리 이야기','켄터페리 이야기는 중세 시대 영국의 소설로, 다양한 이야기가 짧은 단편 형태로 이어지는 형식을 갖고 있어요. 이 책은 다양한 테마와 캐릭터를 통해 인간 본성과 도덕적 가르침을 다루고 있어요.',0,NULL,NULL),(67,'헨리크 입센','페르귄트','페르귄트는 동화 작가 그림 워셔가 쓴 독일 동화로, 주인공 페르귄트가 마법사의 도움을 받아 극복하며 사랑을 이루는 이야기에요. 페르귄트는 어려움을 극복하며 성장하고, 사랑을 향해 나아가요.',0,NULL,NULL),(68,'마크 트웨인','왕자와 거지','마크 트웨인이 쓴 이 소설은 왕자와 거지가 서로의 삶을 바꾸며 서로를 이해하고 성장하는 이야기에요. 두 캐릭터는 자신의 신분을 벗어나며 우정과 존경을 찾아가요.',0,NULL,NULL),(69,'루이스 캐럴','거울 나라의 앨리스','이 책은 루이스 캐롤이 쓴 소설로, 앨리스가 거울을 통해 다른 세계로 들어가 여러 이상한 상황을 경험하는 이야기에요. 앨리스는 이상한 인물들을 만나며 자신의 정체성을 탐구하고, 이상한 세계에서의 모험을 즐기게 되요.',0,NULL,NULL),(70,'프란치스코 콜로디','피노키오','이탈리아의 동화작가 카를로 콜로디의 작품으로, 나무에서 태어난 나무꾼의 아들인 피노키오가 인간이 되기 위한 여정을 담은 이야기에요. 피노키오는 거짓말을 하면 코가 길어진다는 점을 통해 용기와 진실의 중요성을 배우며 성장하는 이야기에요.',0,NULL,NULL),(71,'윌리엄 스타인','실버니와 나무','어린 소년 실버니는 마을의 나무와 대화하는 능력을 가지게 되며, 나무와 함께 여러 모험을 떠나는 이야기에요. 이를 통해 실버니는 자연과의 조화, 우정의 소중함을 배우게 됩니다.',0,NULL,NULL),(72,'루드비히 베멜만스','마들렌','마들렌은 작은 소녀로, 마법 같은 이야기와 모험을 꿈꾸며 살아가요. 그녀의 상상력과 용기를 통해 특별한 세계를 만들어 나가는 이야기입니다.',0,NULL,NULL),(73,'마거릿 와이즈 브라운','좋은 밤, 달','달이 주는 아름다운 이야기를 담은 책으로, 달이 내리는 꿈과 희망을 통해 사람들의 마음을 따뜻하게 만드는 이야기에요.',0,NULL,NULL),(74,'존 버닝햄','진짜 일 학년 욕 두꺼비를 잡아라!','이 책은 친구와 함께 문제를 해결하고 우정을 형성하는 이야기에요. 주인공들은 어려움을 극복하며 자신의 용기와 책임을 발견하게 됩니다.',0,NULL,NULL),(75,'안토니 브라운','내 친구 고릴라','이 책은 고릴라와 소년의 우정을 다루는 이야기에요. 소년과 고릴라는 서로를 이해하고 도와주며, 진정한 우정과 존중을 배우는 여정을 떠납니다.',0,NULL,NULL),(76,'아스트리드 린드그렌','롱스타킹 피피','이 책은 세계적으로 유명한 소설 \'피피 롱스타킹\'을 기반으로 한 이야기로, 장난기 많고 호기심 많은 소녀 피피 롱스타킹의 모험을 다루고 있어요. 피피는 매력적인 캐릭터로, 그녀의 모험과 재미있는 이야기들이 담겨 있습니다.',0,NULL,NULL),(77,'아서 코난 도일','셜록 홈즈 시리즈','셜록 홈즈 시리즈는 아서 코난 도일의 소설로, 논리적인 사고와 추리력으로 다양한 사건을 해결하는 탐정 셜록 홈즈와 그의 친구 박사 왓슨의 이야기를 담고 있어요. 각 이야기마다 다양한 사건들을 다루며 독자를 끌어들이는 스릴 넘치는 이야기들입니다.',0,NULL,NULL),(78,'베벌리 클리어리','랄프 마우스 시리즈','랄프 마우스 시리즈는 비클리 크리스티나 노스의 책으로, 작은 마우스 랄프의 모험을 다루는 이야기에요. 랄프는 매력적인 캐릭터로, 그의 용기와 친구들과의 관계를 통해 성장하는 이야기가 펼쳐져요.',0,NULL,NULL),(79,'에녹 볼튼','그림자 아이들 시리즈','그림자 아이들 시리즈는 넬리 블라이튼의 소설로, 다양한 초자연적 현상을 경험하는 아이들의 이야기를 다룹니다. 아이들은 위험에 노출되면서도 용감하게 상황을 극복하며 모험을 즐깁니다.',0,NULL,NULL),(80,'로버트 루이스 스티븐슨','보물섬','로버트 루이스 스티븐슨이 쓴 소설로, 선원들과 함께 보물을 찾아 섬으로 떠나는 이야기를 다룹니다. 보물을 찾기 위한 모험 도중에 일어나는 다양한 사건들과 선원들의 용감한 모험이 펼쳐집니다.',0,NULL,NULL),(81,'전래','흥부와 놀부','이 이야기는 형제간의 이야기로, 빈곤과 부의 대비가 중심이 됩니다. 놀부는 부자이고 흥부는 가난한 형제입니다. 흥부는 자신의 형편을 개선하기 위해 힘들게 노력하고 결국 성공을 거두는 이야기입니다.',0,NULL,NULL),(82,'전래','콩쥐 팥쥐','두 쥐의 이야기로, 콩쥐와 팥쥐가 함께 살다가 각자 다른 씨앗을 찾게 되는 이야기입니다. 그 결과로 콩과 팥이 서로의 고추장에 들어가 생활하는 모습을 보여줍니다.',0,NULL,NULL),(83,'전래','해님 달님','해와 달이 사랑하는 이야기입니다. 해는 밤에 달에게 찾아가는데, 달이 하늘 끝까지 가면 다시 찾아오지 못한다고 해서 마음이 아프지만, 해는 결국 달을 다시 만나게 됩니다.',0,NULL,NULL),(84,'전래','춘향전','춘향은 고을의 아름다운 딸로, 이희는 그를 사랑하는 사람입니다. 이희는 춘향을 위해 여러 모험을 하며 결국 함께 행복한 결실을 맺게 됩니다.',0,NULL,NULL),(85,'전래','심청전','한산섬에서 태어난 심청은 명나라에서 흥신소를 운영하던 심화부의 딸입니다. 그녀는 아버지를 찾기 위해 여행하면서 다양한 모험을 겪으며 용기와 인내를 발휘하는 이야기입니다.',0,NULL,NULL),(86,'전래','홍길동전','홍길동은 유명한 조선시대의 도적으로, 영웅적인 행동을 보이며 가난한 이들을 도우며 정의를 펼치는 이야기입니다. 그의 용기와 품격이 강조되는 이야기로, 많은 사람들에게 사랑받고 있어요.',0,NULL,NULL),(87,'전래','바보 온달과 평강 공주','온달은 우연히 평강공주와 만나게 되고, 그녀를 구하기 위해 다양한 모험을 하면서 사랑을 이루는 이야기입니다. 이야기 속에서 온달은 순수한 마음과 용기를 보여줍니다.',0,NULL,NULL),(88,'전래','금도끼 은도끼','금도끼와 은도끼는 자신들이 얻은 특별한 도구로부터 벌어지는 다양한 사건들을 다루는 이야기에요. 이 소중한 도구들을 통해 사람들은 자신의 욕망과 탐욕에 대해 깨닫게 됩니다.',0,NULL,NULL),(89,'전래','선녀와 나무꾼','나무꾼은 숲에서 선녀를 만나게 되고, 그와의 사랑을 통해 선녀의 비밀을 알게 되는 이야기입니다. 이 소중한 비밀을 지키며 함께 행복한 삶을 살아가는 이야기로 사랑과 희생을 다룹니다.',0,NULL,NULL),(90,'전래','장화 홍련','장화와 홍련은 서로 사랑하는 두 사람의 이야기로, 장화가 홍련을 찾아 여러 모험을 하면서 서로의 사랑을 확인하고 결실을 맺는 이야기입니다. 함께 여행하면서 많은 어려움을 극복하며 성장하는 모습을 담고 있어요.',0,NULL,NULL),(91,'전래','성난 불곰이 울부짖는다','이 이야기는 숲속에서 성난 불곰이 다른 동물들을 위협하는 것을 다룹니다. 하지만 어린 소년이 불곰과의 용감한 대결을 통해 숲을 다시 안전하게 만들어나가는 이야기입니다.',0,NULL,NULL),(92,'전래','호랑이와 곶감','이 이야기는 호랑이와 소년의 이야기로, 소년이 호랑이에게 곶감을 먹이기 위해 그의 용감한 계획을 펼치는 이야기입니다. 결국 호랑이는 소년의 친구가 되고, 함께 삶을 나누게 됩니다.',0,NULL,NULL),(93,'전래','별주부전','이 이야기는 한 소녀가 밤하늘의 별들을 차례로 잡아가며 다양한 소망을 이루는 이야기입니다. 별들이 이룬 소망은 사랑과 희망을 담고 있어요.',0,NULL,NULL),(94,'전래','뿔쇠똥구리와마주친날','이 이야기는 귀엽고 용감한 뿔쇠똥구리의 모험을 다룹니다. 뿔쇠똥구리는 다양한 동물들과의 만남을 통해 자신의 용기를 발휘하며 여러 모험을 겪어나갑니다.',0,NULL,NULL),(95,'전래','구름빵','이 이야기는 구름빵을 구운 장인과 그의 아들의 이야기입니다. 아들은 구름빵을 구워 날렵한 토끼와 함께 모험을 떠나는데요. 함께 겪은 여러 사건을 통해 아들은 성장하고 용기를 찾아나가요.',0,NULL,NULL),(96,'전래','떡 잔치','떡 잔치는 한 소년이 마을에 있는 모든 동물들을 초대하여 떡 잔치를 베풀게 되는 이야기입니다. 그러나 각 동물들은 갖은 이유로 떡 잔치에 참석하지 않는데요. 결국, 떡 잔치는 예상과는 다른 방향으로 흘러가게 됩니다.',0,NULL,NULL),(97,'전래','젊어지는 샘물','이 이야기는 노인이 늙음을 극복하기 위해 신비한 샘물에 들어가 젊어지는 모험을 다룹니다. 하지만 샘물을 통해 얻은 젊음은 그가 예상했던 것과는 많이 다르게 행동합니다.',0,NULL,NULL),(98,'전래','토끼와 자라 ','토끼와 자라는 숲속의 동물들 중 토끼가 다른 동물들에게 거짓말을 하면서 벌어지는 이야기입니다. 토끼는 자라에게 거짓말을 하지만 결국 거짓말이 들통나면서 일어나는 일들을 담고 있습니다.',0,NULL,NULL),(99,'전래','달님 안녕','이 이야기는 한 소년이 달에 다다르려고 노력하는 이야기입니다. 그러나 달은 소년에게 예상치 못한 숙제들을 주어 소년의 용기와 지혜를 시험합니다.',0,NULL,NULL),(100,'전래','올챙이가 개구리로','올챙이가 개구리로 변하는 이야기로, 한 번은 어린아이로, 다른 한 번은 어른으로 변할 수 있게 해주는 마법의 옷을 소유한 올챙이가 흥미로운 모험을 겪는 이야기입니다.',0,NULL,NULL),(121,'영국 민화','잭과 콩나무','와아! 잭이라는 소년이 마법 콩을 발견했어! 그리고 그 콩이 자라나면서 엄청나게 큰 콩나무가 됐어! 잭이 그 콩나무를 타고 하늘로 올라가면서 어떤 모험을 만나게 될지, 함께 알아보자!',20,'잭','엄마'),(122,'샤를 페로','빨간 모자','빨간 모자가 외할머니 집으로 가다가 큰 늑대를 만나! 그리고 늑대랑 빨간 모자 사이에 어떤 일이 벌어질지 궁금하다면 이 이야기를 읽어보자! 늑대와 빨간 모자의 만남이 어떤 결과를 낳을지, 재미있게 확인해보자!',20,'빨간 모자','사냥꾼'),(123,'이동태','도깨비 방망이','한 형제의 이야기야! 어느 날 아우가 우연히 도깨비의 방망이를 얻게 되면서 부자가 되는 이야기야. 그런데 형은 아우의 부자가 된 모습에 질투를 느끼고, 자기도 방망이를 얻어 부자가 되고 싶어해. 그래서 형은 도깨비들에게 당하게 되는데, 어떤 재미있는 일들이 벌어질지 함께 알아보자!',20,'아우','도깨비');
/*!40000 ALTER TABLE `book` ENABLE KEYS */;
UNLOCK TABLES;

--
-- Table structure for table `coloring`
--

DROP TABLE IF EXISTS `coloring`;
/*!40101 SET @saved_cs_client     = @@character_set_client */;
/*!40101 SET character_set_client = utf8 */;
CREATE TABLE `coloring` (
  `coloring_id` int NOT NULL AUTO_INCREMENT,
  `user_seq` int NOT NULL,
  PRIMARY KEY (`coloring_id`),
  KEY `FK4nfltxmqalvqbrpa3s4b1unkn` (`user_seq`),
  CONSTRAINT `FK4nfltxmqalvqbrpa3s4b1unkn` FOREIGN KEY (`user_seq`) REFERENCES `user` (`user_seq`)
) ENGINE=InnoDB AUTO_INCREMENT=77 DEFAULT CHARSET=utf8mb4 COLLATE=utf8mb4_unicode_ci;
/*!40101 SET character_set_client = @saved_cs_client */;

--
-- Dumping data for table `coloring`
--

LOCK TABLES `coloring` WRITE;
/*!40000 ALTER TABLE `coloring` DISABLE KEYS */;
INSERT INTO `coloring` VALUES (26,118),(27,118),(28,118),(33,118),(34,118),(39,118),(66,118),(49,123),(51,123),(52,123),(43,130),(44,130),(63,130),(42,137),(76,138),(60,151),(61,151),(62,151),(64,153);
/*!40000 ALTER TABLE `coloring` ENABLE KEYS */;
UNLOCK TABLES;

--
-- Table structure for table `make_book`
--

DROP TABLE IF EXISTS `make_book`;
/*!40101 SET @saved_cs_client     = @@character_set_client */;
/*!40101 SET character_set_client = utf8 */;
CREATE TABLE `make_book` (
  `book_id` int NOT NULL,
  `make_book_id` int NOT NULL AUTO_INCREMENT,
  `user_seq` int NOT NULL,
  `make_book_title` varchar(20) COLLATE utf8mb4_unicode_ci NOT NULL,
  `main_voice` bit(1) NOT NULL,
  `narration` bit(1) NOT NULL,
  `sub_voice` bit(1) NOT NULL,
  PRIMARY KEY (`make_book_id`),
  KEY `FKql7huanx30n4391bl7c8w2qfr` (`user_seq`),
  KEY `FKjpsnc5oxf7juleo5aklnxe6mu` (`book_id`),
  CONSTRAINT `FKjpsnc5oxf7juleo5aklnxe6mu` FOREIGN KEY (`book_id`) REFERENCES `book` (`book_id`),
  CONSTRAINT `FKql7huanx30n4391bl7c8w2qfr` FOREIGN KEY (`user_seq`) REFERENCES `user` (`user_seq`)
) ENGINE=InnoDB AUTO_INCREMENT=156 DEFAULT CHARSET=utf8mb4 COLLATE=utf8mb4_unicode_ci;
/*!40101 SET character_set_client = @saved_cs_client */;

--
-- Dumping data for table `make_book`
--

LOCK TABLES `make_book` WRITE;
/*!40000 ALTER TABLE `make_book` DISABLE KEYS */;
INSERT INTO `make_book` VALUES (122,6,132,'cfff',_binary '',_binary '',_binary ''),(122,8,132,'cfff',_binary '',_binary '',_binary ''),(122,9,132,'cfff',_binary '',_binary '',_binary ''),(122,10,132,'cfff',_binary '',_binary '',_binary ''),(122,11,132,'cfff',_binary '',_binary '',_binary ''),(123,13,128,'동화11',_binary '',_binary '\0',_binary ''),(123,15,128,'동화책 생성',_binary '',_binary '\0',_binary ''),(122,23,128,'나만의 동화책(빨간모자)',_binary '',_binary '\0',_binary ''),(122,35,123,'redhood test',_binary '\0',_binary '\0',_binary '\0'),(122,36,123,'image test',_binary '\0',_binary '\0',_binary '\0'),(122,37,136,'만들어봐요',_binary '\0',_binary '\0',_binary '\0'),(123,38,136,'깨비',_binary '\0',_binary '\0',_binary '\0'),(123,39,136,'다시',_binary '\0',_binary '\0',_binary '\0'),(121,40,136,'테스트',_binary '\0',_binary '\0',_binary '\0'),(121,41,136,'한번더테스트',_binary '\0',_binary '\0',_binary '\0'),(121,42,136,'동화',_binary '\0',_binary '\0',_binary '\0'),(121,43,136,'거인',_binary '\0',_binary '\0',_binary '\0'),(121,44,136,'동화11',_binary '\0',_binary '\0',_binary '\0'),(121,46,118,'yj',_binary '\0',_binary '\0',_binary '\0'),(123,47,118,'',_binary '\0',_binary '\0',_binary '\0'),(123,49,136,'ㅎㅎ',_binary '\0',_binary '\0',_binary '\0'),(123,50,135,'아인',_binary '\0',_binary '\0',_binary '\0'),(122,65,130,'please',_binary '',_binary '',_binary ''),(122,87,123,'ddd',_binary '\0',_binary '\0',_binary '\0'),(122,89,123,'ttggg',_binary '\0',_binary '\0',_binary '\0'),(123,90,118,'',_binary '\0',_binary '\0',_binary '\0'),(123,91,123,'push test',_binary '\0',_binary '\0',_binary '\0'),(121,92,118,'qwfqwf',_binary '\0',_binary '\0',_binary '\0'),(122,98,144,'여자아이가만든채',_binary '',_binary '\0',_binary '\0'),(121,101,130,'ppt',_binary '\0',_binary '\0',_binary '\0'),(122,105,2,'ff',_binary '\0',_binary '',_binary '\0'),(123,106,2,'ff',_binary '\0',_binary '',_binary '\0'),(123,107,2,'ff',_binary '\0',_binary '',_binary '\0'),(122,109,123,'testtest',_binary '\0',_binary '\0',_binary '\0'),(122,121,130,'Test',_binary '\0',_binary '\0',_binary '\0'),(121,122,130,'kjkj',_binary '\0',_binary '\0',_binary '\0'),(122,123,130,'dfdf',_binary '\0',_binary '\0',_binary '\0'),(122,124,130,'cccc',_binary '\0',_binary '\0',_binary '\0'),(122,125,130,'dfdfdf',_binary '\0',_binary '\0',_binary '\0'),(121,127,118,'efew',_binary '\0',_binary '\0',_binary '\0'),(121,128,118,'Hhh',_binary '\0',_binary '\0',_binary '\0'),(121,155,138,'히히',_binary '',_binary '\0',_binary '');
/*!40000 ALTER TABLE `make_book` ENABLE KEYS */;
UNLOCK TABLES;

--
-- Table structure for table `person`
--

DROP TABLE IF EXISTS `person`;
/*!40101 SET @saved_cs_client     = @@character_set_client */;
/*!40101 SET character_set_client = utf8 */;
CREATE TABLE `person` (
  `book_id` int NOT NULL,
  `person_name` varchar(20) COLLATE utf8mb4_unicode_ci NOT NULL,
  `voice_model_id` varchar(40) COLLATE utf8mb4_unicode_ci DEFAULT NULL,
  `welcome_comment` varchar(40) COLLATE utf8mb4_unicode_ci NOT NULL,
  PRIMARY KEY (`book_id`),
  CONSTRAINT `FK932i1rk0vnuot3h1bxsujjlby` FOREIGN KEY (`book_id`) REFERENCES `book` (`book_id`)
) ENGINE=InnoDB DEFAULT CHARSET=utf8mb4 COLLATE=utf8mb4_unicode_ci;
/*!40101 SET character_set_client = @saved_cs_client */;

--
-- Dumping data for table `person`
--

LOCK TABLES `person` WRITE;
/*!40000 ALTER TABLE `person` DISABLE KEYS */;
INSERT INTO `person` VALUES (121,'거인','Gqe8GJJLg3haJkTwYj2L','안녕! 잭아, 난 거인이야 나랑 대화할래?'),(122,'늑대','TBmw7D7xImexvkivbivf','안녕! 빨간모자야, 난 늑대야 나랑 대화할래?'),(123,'도깨비','nMPrFLO7QElx9wTR0JGo','안녕! 아우야, 난 도깨비야 나랑 대화할래?');
/*!40000 ALTER TABLE `person` ENABLE KEYS */;
UNLOCK TABLES;

--
-- Table structure for table `photo`
--

DROP TABLE IF EXISTS `photo`;
/*!40101 SET @saved_cs_client     = @@character_set_client */;
/*!40101 SET character_set_client = utf8 */;
CREATE TABLE `photo` (
  `photo_id` int NOT NULL AUTO_INCREMENT,
  `user_seq` int NOT NULL,
  PRIMARY KEY (`photo_id`),
  KEY `FKky7hkslm2ne3q6ggmox8ing98` (`user_seq`),
  CONSTRAINT `FKky7hkslm2ne3q6ggmox8ing98` FOREIGN KEY (`user_seq`) REFERENCES `user` (`user_seq`)
) ENGINE=InnoDB AUTO_INCREMENT=127 DEFAULT CHARSET=utf8mb4 COLLATE=utf8mb4_unicode_ci;
/*!40101 SET character_set_client = @saved_cs_client */;

--
-- Dumping data for table `photo`
--

LOCK TABLES `photo` WRITE;
/*!40000 ALTER TABLE `photo` DISABLE KEYS */;
INSERT INTO `photo` VALUES (1,1),(2,1),(4,1),(5,1),(6,1),(8,1),(9,1),(13,1),(14,1),(15,2),(16,2),(17,2),(18,2),(33,2),(34,2),(35,2),(36,2),(46,2),(92,2),(93,2),(51,123),(61,128),(73,130),(91,130),(98,130),(99,130),(100,130),(47,132),(48,132),(53,132),(54,132),(55,132),(57,132),(84,138),(85,138),(86,138),(102,138),(113,138),(119,138),(123,138),(126,138),(89,144),(90,145),(97,151),(101,153),(103,154);
/*!40000 ALTER TABLE `photo` ENABLE KEYS */;
UNLOCK TABLES;

--
-- Table structure for table `review`
--

DROP TABLE IF EXISTS `review`;
/*!40101 SET @saved_cs_client     = @@character_set_client */;
/*!40101 SET character_set_client = utf8 */;
CREATE TABLE `review` (
  `book_id` int NOT NULL,
  `is_like` bit(1) NOT NULL,
  `user_seq` int NOT NULL,
  PRIMARY KEY (`book_id`,`user_seq`),
  KEY `FKq7vee7vmlqrhvnflflsw6p1q7` (`user_seq`),
  CONSTRAINT `FK70yrt09r4r54tcgkrwbeqenbs` FOREIGN KEY (`book_id`) REFERENCES `book` (`book_id`),
  CONSTRAINT `FKq7vee7vmlqrhvnflflsw6p1q7` FOREIGN KEY (`user_seq`) REFERENCES `user` (`user_seq`)
) ENGINE=InnoDB DEFAULT CHARSET=utf8mb4 COLLATE=utf8mb4_unicode_ci;
/*!40101 SET character_set_client = @saved_cs_client */;

--
-- Dumping data for table `review`
--

LOCK TABLES `review` WRITE;
/*!40000 ALTER TABLE `review` DISABLE KEYS */;
INSERT INTO `review` VALUES (1,_binary '\0',3),(1,_binary '',5),(1,_binary '\0',10),(1,_binary '',17),(1,_binary '',27),(1,_binary '',29),(1,_binary '\0',45),(1,_binary '',52),(1,_binary '',56),(1,_binary '',123),(1,_binary '',129),(1,_binary '\0',135),(1,_binary '\0',136),(2,_binary '',2),(2,_binary '\0',5),(2,_binary '\0',14),(2,_binary '',46),(2,_binary '\0',47),(2,_binary '',66),(2,_binary '',69),(2,_binary '',82),(2,_binary '\0',84),(2,_binary '\0',86),(2,_binary '',123),(2,_binary '',135),(2,_binary '',136),(3,_binary '\0',2),(3,_binary '',3),(3,_binary '',6),(3,_binary '\0',18),(3,_binary '\0',40),(3,_binary '\0',41),(3,_binary '\0',43),(3,_binary '',52),(3,_binary '\0',80),(3,_binary '\0',90),(3,_binary '\0',98),(3,_binary '',111),(3,_binary '\0',123),(4,_binary '',6),(4,_binary '\0',7),(4,_binary '\0',16),(4,_binary '\0',23),(4,_binary '\0',24),(4,_binary '',35),(4,_binary '\0',39),(4,_binary '',42),(4,_binary '',56),(4,_binary '',60),(4,_binary '',63),(4,_binary '',74),(4,_binary '',100),(4,_binary '',123),(5,_binary '',3),(5,_binary '',6),(5,_binary '',7),(5,_binary '',9),(5,_binary '',35),(5,_binary '',58),(5,_binary '\0',64),(5,_binary '\0',81),(5,_binary '',92),(5,_binary '',123),(5,_binary '',129),(6,_binary '',29),(6,_binary '\0',31),(6,_binary '\0',34),(6,_binary '\0',45),(6,_binary '',47),(6,_binary '',51),(6,_binary '',54),(6,_binary '',71),(6,_binary '',74),(6,_binary '',79),(6,_binary '\0',84),(6,_binary '',90),(6,_binary '',95),(6,_binary '',123),(6,_binary '',128),(7,_binary '',2),(7,_binary '\0',8),(7,_binary '\0',22),(7,_binary '',40),(7,_binary '',43),(7,_binary '\0',49),(7,_binary '\0',57),(7,_binary '',62),(7,_binary '\0',66),(7,_binary '',84),(7,_binary '',86),(7,_binary '',98),(7,_binary '',123),(8,_binary '',1),(8,_binary '',3),(8,_binary '\0',8),(8,_binary '',26),(8,_binary '\0',47),(8,_binary '\0',55),(8,_binary '',56),(8,_binary '\0',61),(8,_binary '\0',68),(8,_binary '\0',96),(8,_binary '',98),(8,_binary '',123),(9,_binary '',31),(9,_binary '\0',35),(9,_binary '\0',38),(9,_binary '\0',42),(9,_binary '\0',44),(9,_binary '\0',59),(9,_binary '\0',73),(9,_binary '',74),(9,_binary '\0',76),(9,_binary '\0',80),(9,_binary '',87),(9,_binary '\0',89),(9,_binary '',96),(9,_binary '',111),(9,_binary '\0',123),(9,_binary '',128),(9,_binary '',129),(9,_binary '',133),(10,_binary '',26),(10,_binary '\0',36),(10,_binary '',46),(10,_binary '',53),(10,_binary '',69),(10,_binary '\0',74),(10,_binary '',80),(10,_binary '\0',83),(10,_binary '\0',84),(10,_binary '',123),(11,_binary '',7),(11,_binary '',26),(11,_binary '\0',28),(11,_binary '\0',30),(11,_binary '',33),(11,_binary '\0',53),(11,_binary '',61),(11,_binary '\0',62),(11,_binary '\0',68),(11,_binary '',71),(11,_binary '',92),(11,_binary '',123),(12,_binary '',2),(12,_binary '\0',4),(12,_binary '\0',8),(12,_binary '\0',12),(12,_binary '\0',15),(12,_binary '\0',27),(12,_binary '',39),(12,_binary '\0',48),(12,_binary '\0',73),(12,_binary '\0',91),(12,_binary '',92),(12,_binary '',99),(12,_binary '',123),(13,_binary '\0',5),(13,_binary '',10),(13,_binary '',26),(13,_binary '',28),(13,_binary '',35),(13,_binary '',62),(13,_binary '\0',86),(13,_binary '',94),(13,_binary '',123),(14,_binary '\0',20),(14,_binary '\0',33),(14,_binary '\0',38),(14,_binary '\0',42),(14,_binary '\0',64),(14,_binary '',71),(14,_binary '\0',73),(14,_binary '',86),(14,_binary '',99),(14,_binary '',123),(15,_binary '\0',1),(15,_binary '\0',4),(15,_binary '\0',14),(15,_binary '\0',27),(15,_binary '',51),(15,_binary '\0',58),(15,_binary '\0',65),(15,_binary '\0',82),(15,_binary '\0',87),(15,_binary '',97),(15,_binary '',123),(16,_binary '\0',29),(16,_binary '',36),(16,_binary '\0',43),(16,_binary '\0',46),(16,_binary '\0',57),(16,_binary '\0',58),(16,_binary '',63),(16,_binary '',88),(16,_binary '',90),(16,_binary '',94),(16,_binary '',123),(17,_binary '',16),(17,_binary '',17),(17,_binary '\0',18),(17,_binary '\0',20),(17,_binary '\0',28),(17,_binary '\0',30),(17,_binary '',36),(17,_binary '',40),(17,_binary '',69),(17,_binary '\0',72),(17,_binary '\0',78),(17,_binary '',96),(17,_binary '',123),(18,_binary '\0',9),(18,_binary '\0',40),(18,_binary '',56),(18,_binary '',66),(18,_binary '\0',70),(18,_binary '',87),(18,_binary '',123),(19,_binary '',5),(19,_binary '',9),(19,_binary '\0',11),(19,_binary '\0',19),(19,_binary '',20),(19,_binary '\0',73),(19,_binary '\0',77),(19,_binary '',80),(19,_binary '',123),(20,_binary '',4),(20,_binary '',11),(20,_binary '',30),(20,_binary '\0',33),(20,_binary '\0',46),(20,_binary '',52),(20,_binary '',56),(20,_binary '',62),(20,_binary '',93),(20,_binary '',97),(20,_binary '',100),(20,_binary '',111),(20,_binary '',123),(20,_binary '',128),(20,_binary '',129),(20,_binary '',133),(20,_binary '',149),(21,_binary '\0',4),(21,_binary '\0',15),(21,_binary '\0',17),(21,_binary '\0',36),(21,_binary '\0',37),(21,_binary '\0',38),(21,_binary '',43),(21,_binary '',57),(21,_binary '',87),(21,_binary '',95),(21,_binary '',123),(21,_binary '',135),(21,_binary '\0',136),(22,_binary '',8),(22,_binary '\0',10),(22,_binary '',13),(22,_binary '',43),(22,_binary '\0',46),(22,_binary '\0',61),(22,_binary '',69),(22,_binary '',74),(22,_binary '\0',88),(22,_binary '\0',90),(22,_binary '',123),(22,_binary '',128),(22,_binary '',136),(23,_binary '\0',11),(23,_binary '\0',29),(23,_binary '\0',31),(23,_binary '\0',63),(23,_binary '',123),(24,_binary '',10),(24,_binary '\0',15),(24,_binary '\0',45),(24,_binary '\0',49),(24,_binary '',58),(24,_binary '\0',65),(24,_binary '',76),(24,_binary '\0',89),(24,_binary '',123),(25,_binary '',6),(25,_binary '',16),(25,_binary '',36),(25,_binary '\0',41),(25,_binary '',42),(25,_binary '\0',56),(25,_binary '',64),(25,_binary '',80),(25,_binary '\0',96),(25,_binary '',123),(25,_binary '',128),(25,_binary '',135),(25,_binary '\0',136),(26,_binary '',5),(26,_binary '',7),(26,_binary '\0',15),(26,_binary '',21),(26,_binary '',31),(26,_binary '\0',33),(26,_binary '',45),(26,_binary '\0',51),(26,_binary '',66),(26,_binary '\0',75),(26,_binary '\0',87),(26,_binary '',111),(26,_binary '',123),(26,_binary '',149),(27,_binary '',27),(27,_binary '\0',31),(27,_binary '\0',42),(27,_binary '',45),(27,_binary '\0',51),(27,_binary '',56),(27,_binary '',81),(27,_binary '\0',86),(27,_binary '\0',91),(27,_binary '',123),(27,_binary '',128),(27,_binary '',136),(28,_binary '',4),(28,_binary '\0',9),(28,_binary '',20),(28,_binary '',50),(28,_binary '',66),(28,_binary '',71),(28,_binary '',72),(28,_binary '',96),(28,_binary '',98),(28,_binary '',123),(29,_binary '\0',5),(29,_binary '',13),(29,_binary '',16),(29,_binary '\0',21),(29,_binary '',29),(29,_binary '\0',60),(29,_binary '\0',68),(29,_binary '\0',72),(29,_binary '\0',73),(29,_binary '',74),(29,_binary '',76),(29,_binary '',123),(29,_binary '',136),(30,_binary '\0',42),(30,_binary '',50),(30,_binary '\0',64),(30,_binary '',84),(30,_binary '\0',93),(30,_binary '',100),(30,_binary '',123),(31,_binary '\0',2),(31,_binary '\0',3),(31,_binary '\0',11),(31,_binary '',12),(31,_binary '',53),(31,_binary '',87),(31,_binary '',91),(31,_binary '',96),(31,_binary '',123),(31,_binary '',136),(32,_binary '\0',7),(32,_binary '\0',16),(32,_binary '\0',30),(32,_binary '\0',34),(32,_binary '\0',58),(32,_binary '',74),(32,_binary '',76),(32,_binary '\0',78),(32,_binary '',79),(32,_binary '',90),(32,_binary '\0',92),(32,_binary '\0',94),(32,_binary '\0',96),(32,_binary '',123),(32,_binary '',136),(33,_binary '\0',13),(33,_binary '\0',45),(33,_binary '',48),(33,_binary '\0',69),(33,_binary '',71),(33,_binary '\0',73),(33,_binary '',91),(33,_binary '\0',94),(33,_binary '',123),(34,_binary '',22),(34,_binary '\0',29),(34,_binary '',31),(34,_binary '\0',41),(34,_binary '',47),(34,_binary '',50),(34,_binary '\0',57),(34,_binary '',63),(34,_binary '\0',80),(34,_binary '',85),(34,_binary '\0',89),(34,_binary '',111),(34,_binary '',123),(34,_binary '',133),(34,_binary '',145),(35,_binary '\0',7),(35,_binary '',13),(35,_binary '',20),(35,_binary '\0',25),(35,_binary '\0',26),(35,_binary '\0',60),(35,_binary '',71),(35,_binary '\0',78),(35,_binary '\0',82),(35,_binary '',96),(35,_binary '',123),(36,_binary '\0',26),(36,_binary '',83),(36,_binary '',123),(37,_binary '\0',8),(37,_binary '\0',11),(37,_binary '\0',12),(37,_binary '\0',16),(37,_binary '\0',26),(37,_binary '',28),(37,_binary '\0',48),(37,_binary '',56),(37,_binary '\0',64),(37,_binary '',80),(37,_binary '',84),(37,_binary '',123),(38,_binary '',2),(38,_binary '',5),(38,_binary '\0',33),(38,_binary '',49),(38,_binary '\0',54),(38,_binary '\0',59),(38,_binary '\0',62),(38,_binary '',66),(38,_binary '\0',72),(38,_binary '\0',87),(38,_binary '\0',90),(38,_binary '',123),(38,_binary '',136),(39,_binary '\0',7),(39,_binary '',8),(39,_binary '\0',9),(39,_binary '',16),(39,_binary '\0',19),(39,_binary '',24),(39,_binary '\0',26),(39,_binary '\0',52),(39,_binary '',62),(39,_binary '',65),(39,_binary '',70),(39,_binary '\0',89),(39,_binary '\0',92),(39,_binary '',123),(39,_binary '',145),(40,_binary '',9),(40,_binary '\0',13),(40,_binary '\0',18),(40,_binary '',25),(40,_binary '\0',26),(40,_binary '\0',33),(40,_binary '',39),(40,_binary '',46),(40,_binary '',65),(40,_binary '',71),(40,_binary '',73),(40,_binary '\0',92),(40,_binary '\0',95),(40,_binary '',123),(40,_binary '\0',128),(41,_binary '',1),(41,_binary '\0',24),(41,_binary '',34),(41,_binary '\0',39),(41,_binary '',41),(41,_binary '',54),(41,_binary '\0',58),(41,_binary '',65),(41,_binary '\0',81),(41,_binary '',123),(42,_binary '',14),(42,_binary '',17),(42,_binary '\0',26),(42,_binary '\0',41),(42,_binary '',46),(42,_binary '',49),(42,_binary '\0',73),(42,_binary '',78),(42,_binary '\0',83),(42,_binary '',91),(42,_binary '\0',93),(42,_binary '',123),(42,_binary '',128),(42,_binary '',145),(42,_binary '',150),(42,_binary '',152),(43,_binary '',19),(43,_binary '\0',23),(43,_binary '',34),(43,_binary '\0',43),(43,_binary '',51),(43,_binary '',67),(43,_binary '',68),(43,_binary '',70),(43,_binary '\0',99),(43,_binary '',100),(43,_binary '',123),(43,_binary '',154),(44,_binary '',2),(44,_binary '\0',39),(44,_binary '\0',40),(44,_binary '',58),(44,_binary '\0',61),(44,_binary '',123),(45,_binary '\0',9),(45,_binary '\0',16),(45,_binary '\0',31),(45,_binary '',41),(45,_binary '\0',54),(45,_binary '',66),(45,_binary '',68),(45,_binary '',74),(45,_binary '',88),(45,_binary '',123),(46,_binary '\0',19),(46,_binary '',26),(46,_binary '\0',63),(46,_binary '',92),(46,_binary '',123),(46,_binary '',129),(47,_binary '',2),(47,_binary '\0',27),(47,_binary '',40),(47,_binary '\0',53),(47,_binary '',58),(47,_binary '',61),(47,_binary '\0',65),(47,_binary '\0',72),(47,_binary '\0',73),(47,_binary '\0',78),(47,_binary '\0',81),(47,_binary '',89),(47,_binary '\0',94),(47,_binary '',123),(48,_binary '',21),(48,_binary '\0',26),(48,_binary '',44),(48,_binary '',48),(48,_binary '\0',70),(48,_binary '',73),(48,_binary '',79),(48,_binary '\0',91),(48,_binary '\0',99),(48,_binary '',123),(49,_binary '\0',1),(49,_binary '',5),(49,_binary '',13),(49,_binary '\0',27),(49,_binary '\0',85),(49,_binary '\0',90),(49,_binary '\0',93),(49,_binary '',99),(49,_binary '',123),(50,_binary '\0',1),(50,_binary '\0',2),(50,_binary '\0',5),(50,_binary '\0',19),(50,_binary '',65),(50,_binary '\0',73),(50,_binary '',95),(50,_binary '',123),(51,_binary '\0',1),(51,_binary '',14),(51,_binary '',22),(51,_binary '\0',46),(51,_binary '',49),(51,_binary '',65),(51,_binary '',82),(51,_binary '\0',83),(51,_binary '',94),(51,_binary '\0',98),(51,_binary '',123),(52,_binary '\0',7),(52,_binary '',13),(52,_binary '',37),(52,_binary '',38),(52,_binary '',46),(52,_binary '',50),(52,_binary '\0',53),(52,_binary '',72),(52,_binary '\0',91),(52,_binary '',123),(53,_binary '\0',20),(53,_binary '\0',23),(53,_binary '',25),(53,_binary '\0',26),(53,_binary '',56),(53,_binary '',63),(53,_binary '\0',64),(53,_binary '\0',73),(53,_binary '',75),(53,_binary '\0',82),(53,_binary '\0',93),(53,_binary '\0',95),(53,_binary '',98),(53,_binary '\0',99),(53,_binary '',123),(54,_binary '',11),(54,_binary '\0',17),(54,_binary '\0',18),(54,_binary '',19),(54,_binary '',22),(54,_binary '\0',29),(54,_binary '',47),(54,_binary '\0',53),(54,_binary '\0',86),(54,_binary '\0',87),(54,_binary '',96),(54,_binary '',123),(55,_binary '',4),(55,_binary '',12),(55,_binary '\0',17),(55,_binary '',28),(55,_binary '\0',37),(55,_binary '\0',80),(55,_binary '',123),(56,_binary '',16),(56,_binary '\0',18),(56,_binary '\0',28),(56,_binary '',29),(56,_binary '\0',48),(56,_binary '\0',59),(56,_binary '\0',67),(56,_binary '\0',69),(56,_binary '\0',77),(56,_binary '\0',78),(56,_binary '',89),(56,_binary '',95),(56,_binary '',123),(57,_binary '\0',39),(57,_binary '',43),(57,_binary '\0',48),(57,_binary '\0',61),(57,_binary '',74),(57,_binary '',93),(57,_binary '\0',95),(57,_binary '',121),(57,_binary '',123),(57,_binary '',133),(57,_binary '',145),(57,_binary '',151),(58,_binary '',4),(58,_binary '',10),(58,_binary '',21),(58,_binary '',22),(58,_binary '',37),(58,_binary '',39),(58,_binary '\0',43),(58,_binary '\0',46),(58,_binary '\0',47),(58,_binary '',49),(58,_binary '\0',61),(58,_binary '',69),(58,_binary '\0',78),(58,_binary '',81),(58,_binary '',84),(58,_binary '',86),(58,_binary '',123),(59,_binary '',27),(59,_binary '\0',29),(59,_binary '',36),(59,_binary '',67),(59,_binary '\0',82),(59,_binary '\0',91),(59,_binary '',92),(59,_binary '',123),(60,_binary '',5),(60,_binary '\0',9),(60,_binary '',22),(60,_binary '\0',45),(60,_binary '',46),(60,_binary '\0',50),(60,_binary '\0',67),(60,_binary '',82),(60,_binary '',84),(60,_binary '',99),(60,_binary '',123),(61,_binary '\0',13),(61,_binary '',15),(61,_binary '',28),(61,_binary '',53),(61,_binary '\0',60),(61,_binary '',61),(61,_binary '',75),(61,_binary '\0',78),(61,_binary '\0',92),(61,_binary '',123),(61,_binary '\0',128),(62,_binary '\0',21),(62,_binary '\0',54),(62,_binary '\0',64),(62,_binary '',123),(63,_binary '\0',11),(63,_binary '\0',34),(63,_binary '\0',50),(63,_binary '',76),(63,_binary '',90),(63,_binary '',123),(63,_binary '',136),(64,_binary '\0',4),(64,_binary '',47),(64,_binary '\0',48),(64,_binary '\0',80),(64,_binary '\0',81),(64,_binary '',85),(64,_binary '',91),(64,_binary '',123),(65,_binary '\0',5),(65,_binary '',11),(65,_binary '',21),(65,_binary '\0',38),(65,_binary '\0',41),(65,_binary '\0',43),(65,_binary '',59),(65,_binary '',60),(65,_binary '\0',65),(65,_binary '\0',71),(65,_binary '\0',99),(65,_binary '',100),(65,_binary '',123),(66,_binary '',17),(66,_binary '',18),(66,_binary '\0',19),(66,_binary '\0',23),(66,_binary '',42),(66,_binary '\0',84),(66,_binary '\0',89),(66,_binary '\0',91),(66,_binary '',123),(67,_binary '\0',1),(67,_binary '',7),(67,_binary '\0',16),(67,_binary '',26),(67,_binary '',29),(67,_binary '\0',34),(67,_binary '\0',57),(67,_binary '',73),(67,_binary '',79),(67,_binary '',81),(67,_binary '\0',86),(67,_binary '',99),(67,_binary '',123),(68,_binary '',31),(68,_binary '',83),(68,_binary '\0',93),(68,_binary '',123),(69,_binary '',10),(69,_binary '\0',15),(69,_binary '',19),(69,_binary '',76),(69,_binary '\0',84),(69,_binary '',98),(69,_binary '',100),(69,_binary '',123),(70,_binary '',34),(70,_binary '',39),(70,_binary '',40),(70,_binary '',44),(70,_binary '\0',57),(70,_binary '\0',59),(70,_binary '',64),(70,_binary '',65),(70,_binary '',69),(70,_binary '\0',83),(70,_binary '',85),(70,_binary '',90),(70,_binary '',94),(70,_binary '',123),(71,_binary '\0',7),(71,_binary '\0',23),(71,_binary '',49),(71,_binary '',53),(71,_binary '\0',56),(71,_binary '',85),(71,_binary '',90),(71,_binary '',99),(71,_binary '',123),(72,_binary '',29),(72,_binary '\0',53),(72,_binary '',56),(72,_binary '',78),(72,_binary '\0',90),(72,_binary '',97),(72,_binary '\0',99),(72,_binary '',123),(73,_binary '',1),(73,_binary '\0',9),(73,_binary '\0',16),(73,_binary '\0',39),(73,_binary '',54),(73,_binary '',91),(73,_binary '',94),(73,_binary '\0',99),(73,_binary '',123),(74,_binary '\0',1),(74,_binary '\0',18),(74,_binary '\0',21),(74,_binary '',30),(74,_binary '\0',40),(74,_binary '',54),(74,_binary '\0',64),(74,_binary '\0',78),(74,_binary '',87),(74,_binary '',88),(74,_binary '',123),(75,_binary '',24),(75,_binary '\0',41),(75,_binary '\0',67),(75,_binary '',82),(75,_binary '\0',83),(75,_binary '',90),(75,_binary '',123),(76,_binary '',11),(76,_binary '',18),(76,_binary '',34),(76,_binary '\0',52),(76,_binary '\0',55),(76,_binary '',70),(76,_binary '',79),(76,_binary '\0',80),(76,_binary '',89),(76,_binary '\0',90),(76,_binary '\0',94),(76,_binary '',123),(77,_binary '\0',15),(77,_binary '\0',25),(77,_binary '',28),(77,_binary '\0',39),(77,_binary '',48),(77,_binary '',54),(77,_binary '',62),(77,_binary '',70),(77,_binary '',74),(77,_binary '\0',75),(77,_binary '\0',83),(77,_binary '',88),(77,_binary '\0',100),(77,_binary '',123),(78,_binary '\0',10),(78,_binary '',13),(78,_binary '',15),(78,_binary '\0',26),(78,_binary '\0',33),(78,_binary '\0',55),(78,_binary '',123),(79,_binary '\0',8),(79,_binary '',16),(79,_binary '',24),(79,_binary '',38),(79,_binary '\0',42),(79,_binary '\0',48),(79,_binary '\0',54),(79,_binary '\0',60),(79,_binary '',64),(79,_binary '',74),(79,_binary '',78),(79,_binary '',92),(79,_binary '',123),(80,_binary '',35),(80,_binary '',39),(80,_binary '\0',46),(80,_binary '\0',72),(80,_binary '',123),(81,_binary '',25),(81,_binary '',37),(81,_binary '\0',42),(81,_binary '\0',43),(81,_binary '\0',59),(81,_binary '',76),(81,_binary '',123),(82,_binary '\0',3),(82,_binary '\0',7),(82,_binary '',20),(82,_binary '',24),(82,_binary '',29),(82,_binary '\0',48),(82,_binary '\0',60),(82,_binary '',123),(83,_binary '',4),(83,_binary '',10),(83,_binary '',18),(83,_binary '\0',60),(83,_binary '\0',72),(83,_binary '',89),(83,_binary '',90),(83,_binary '',123),(84,_binary '\0',19),(84,_binary '\0',33),(84,_binary '\0',34),(84,_binary '\0',40),(84,_binary '',41),(84,_binary '',60),(84,_binary '\0',62),(84,_binary '\0',70),(84,_binary '',90),(84,_binary '',92),(84,_binary '\0',94),(84,_binary '',123),(84,_binary '',145),(85,_binary '',25),(85,_binary '\0',27),(85,_binary '\0',47),(85,_binary '',48),(85,_binary '\0',64),(85,_binary '',123),(86,_binary '\0',4),(86,_binary '\0',11),(86,_binary '\0',19),(86,_binary '\0',30),(86,_binary '',34),(86,_binary '\0',36),(86,_binary '',42),(86,_binary '\0',94),(86,_binary '',123),(87,_binary '\0',4),(87,_binary '\0',6),(87,_binary '',10),(87,_binary '',16),(87,_binary '',28),(87,_binary '\0',30),(87,_binary '\0',38),(87,_binary '\0',40),(87,_binary '',56),(87,_binary '',64),(87,_binary '',79),(87,_binary '',83),(87,_binary '',123),(88,_binary '\0',18),(88,_binary '\0',29),(88,_binary '\0',30),(88,_binary '\0',50),(88,_binary '\0',88),(88,_binary '',123),(88,_binary '',133),(88,_binary '',143),(88,_binary '',145),(88,_binary '',147),(88,_binary '',148),(88,_binary '',153),(88,_binary '',154),(89,_binary '\0',33),(89,_binary '',47),(89,_binary '',48),(89,_binary '\0',68),(89,_binary '',73),(89,_binary '\0',76),(89,_binary '',81),(89,_binary '\0',96),(89,_binary '',123),(90,_binary '',2),(90,_binary '',3),(90,_binary '\0',13),(90,_binary '',17),(90,_binary '\0',19),(90,_binary '',35),(90,_binary '\0',40),(90,_binary '',49),(90,_binary '\0',77),(90,_binary '\0',80),(90,_binary '',123),(91,_binary '\0',2),(91,_binary '',16),(91,_binary '',18),(91,_binary '\0',19),(91,_binary '',46),(91,_binary '',51),(91,_binary '\0',63),(91,_binary '\0',70),(91,_binary '\0',71),(91,_binary '',74),(91,_binary '',123),(92,_binary '\0',16),(92,_binary '\0',44),(92,_binary '',46),(92,_binary '\0',48),(92,_binary '',55),(92,_binary '',73),(92,_binary '',77),(92,_binary '\0',93),(92,_binary '\0',96),(92,_binary '',118),(92,_binary '',123),(93,_binary '\0',1),(93,_binary '',30),(93,_binary '',40),(93,_binary '\0',45),(93,_binary '\0',47),(93,_binary '\0',57),(93,_binary '',59),(93,_binary '\0',65),(93,_binary '\0',89),(93,_binary '',123),(93,_binary '',145),(94,_binary '\0',6),(94,_binary '\0',17),(94,_binary '',24),(94,_binary '',48),(94,_binary '\0',63),(94,_binary '\0',74),(94,_binary '',91),(94,_binary '',123),(95,_binary '\0',3),(95,_binary '\0',9),(95,_binary '\0',19),(95,_binary '\0',21),(95,_binary '',29),(95,_binary '',41),(95,_binary '\0',43),(95,_binary '\0',53),(95,_binary '',55),(95,_binary '\0',56),(95,_binary '',67),(95,_binary '\0',79),(95,_binary '\0',86),(95,_binary '',118),(95,_binary '',123),(96,_binary '',21),(96,_binary '',51),(96,_binary '',67),(96,_binary '',69),(96,_binary '',74),(96,_binary '',81),(96,_binary '',95),(96,_binary '',123),(96,_binary '',138),(97,_binary '\0',8),(97,_binary '',40),(97,_binary '\0',51),(97,_binary '',53),(97,_binary '\0',72),(97,_binary '\0',78),(97,_binary '\0',86),(97,_binary '\0',90),(97,_binary '\0',95),(97,_binary '',123),(98,_binary '\0',4),(98,_binary '',34),(98,_binary '',58),(98,_binary '\0',91),(98,_binary '\0',93),(98,_binary '\0',99),(98,_binary '',123),(99,_binary '\0',3),(99,_binary '',14),(99,_binary '',27),(99,_binary '',34),(99,_binary '',35),(99,_binary '\0',47),(99,_binary '',51),(99,_binary '\0',57),(99,_binary '\0',62),(99,_binary '',72),(99,_binary '',83),(99,_binary '\0',86),(99,_binary '\0',99),(99,_binary '',123),(100,_binary '',1),(100,_binary '',3),(100,_binary '',16),(100,_binary '',25),(100,_binary '',27),(100,_binary '',29),(100,_binary '\0',43),(100,_binary '',46),(100,_binary '',53),(100,_binary '\0',54),(100,_binary '\0',58),(100,_binary '',68),(100,_binary '\0',89),(100,_binary '\0',92),(100,_binary '',123),(100,_binary '',151),(121,_binary '\0',22),(121,_binary '\0',35),(121,_binary '\0',40),(121,_binary '',41),(121,_binary '\0',50),(121,_binary '',60),(121,_binary '\0',74),(121,_binary '\0',79),(121,_binary '',88),(121,_binary '\0',89),(121,_binary '',91),(121,_binary '',112),(121,_binary '',118),(121,_binary '',121),(121,_binary '',126),(121,_binary '',130),(121,_binary '',131),(121,_binary '',133),(121,_binary '',137),(121,_binary '',138),(121,_binary '',139),(121,_binary '',140),(121,_binary '',141),(121,_binary '',143),(121,_binary '',144),(121,_binary '',147),(121,_binary '',148),(121,_binary '',149),(121,_binary '',150),(121,_binary '',151),(121,_binary '',152),(121,_binary '',153),(121,_binary '',154),(122,_binary '',7),(122,_binary '',8),(122,_binary '\0',14),(122,_binary '',16),(122,_binary '\0',18),(122,_binary '',29),(122,_binary '\0',54),(122,_binary '',58),(122,_binary '',61),(122,_binary '\0',62),(122,_binary '',64),(122,_binary '',67),(122,_binary '\0',81),(122,_binary '',86),(122,_binary '',87),(122,_binary '',96),(122,_binary '\0',99),(122,_binary '',118),(122,_binary '\0',128),(122,_binary '',130),(122,_binary '',131),(122,_binary '',136),(122,_binary '',137),(122,_binary '',138),(122,_binary '',139),(122,_binary '',140),(122,_binary '',141),(122,_binary '',143),(122,_binary '\0',144),(122,_binary '',147),(122,_binary '',148),(122,_binary '',149),(122,_binary '',150),(122,_binary '',151),(122,_binary '',152),(122,_binary '',153),(122,_binary '',154),(123,_binary '',20),(123,_binary '',21),(123,_binary '\0',36),(123,_binary '\0',46),(123,_binary '',90),(123,_binary '',95),(123,_binary '\0',98),(123,_binary '',112),(123,_binary '',118),(123,_binary '\0',128),(123,_binary '',130),(123,_binary '',131),(123,_binary '',137),(123,_binary '',138),(123,_binary '',139),(123,_binary '',140),(123,_binary '',141),(123,_binary '',143),(123,_binary '',144),(123,_binary '',147),(123,_binary '',148),(123,_binary '',149),(123,_binary '',150),(123,_binary '',151),(123,_binary '',152),(123,_binary '',153),(123,_binary '',154);
/*!40000 ALTER TABLE `review` ENABLE KEYS */;
UNLOCK TABLES;

--
-- Table structure for table `script`
--

DROP TABLE IF EXISTS `script`;
/*!40101 SET @saved_cs_client     = @@character_set_client */;
/*!40101 SET character_set_client = utf8 */;
CREATE TABLE `script` (
  `book_id` int NOT NULL,
  `page_seq` int NOT NULL,
  `script_seq` int NOT NULL,
  `role` varchar(1) COLLATE utf8mb4_unicode_ci DEFAULT NULL,
  `script_content` text COLLATE utf8mb4_unicode_ci NOT NULL,
  PRIMARY KEY (`book_id`,`page_seq`,`script_seq`),
  CONSTRAINT `FKhl7yspbi2vitlr3fpuxycyvvq` FOREIGN KEY (`book_id`) REFERENCES `book` (`book_id`)
) ENGINE=InnoDB DEFAULT CHARSET=utf8mb4 COLLATE=utf8mb4_unicode_ci;
/*!40101 SET character_set_client = @saved_cs_client */;

--
-- Dumping data for table `script`
--

LOCK TABLES `script` WRITE;
/*!40000 ALTER TABLE `script` DISABLE KEYS */;
INSERT INTO `script` VALUES (121,1,1,'N','호기심 많고 엉뚱한 잭이 엄마와 함께 살고 있었어요.'),(121,2,1,'N','비록 가난했지만 잭은 늘 밝고 씩씩했어요.'),(121,3,1,'N','하지만 마을에 큰 흉년이 들고 엄마가 병에 걸리고 말았어요.'),(121,3,2,NULL,'(효과음)'),(121,4,1,'N','씩씩하던 잭의 어깨도 축 처지고 말았죠.'),(121,5,1,'S','“잭 이게 마지막 빵이란다, 내일 젖소를 팔아 먹을 것을 사오렴”'),(121,6,1,'M','“알겠어요. 엄마!\"'),(121,7,1,'N','다음날 아침 젖소를 몰고 시장으로 향하던 잭에게 누군가 말을 걸었어요.'),(121,8,1,NULL,'“이보게 소년, 소를 팔러 가는 모양인데 이 콩과 소를 바꾸지 않겠나?  이 콩이면 너와 어머니는 다시는 음식이나 돈에 대해 걱정하지 않아도 될 것이다.”'),(121,9,1,'N','그렇게 소년은 콩과 소를 바꾸고 집으로 돌아왔어요. 하지만, 어머니는 크게 화를 내었어요.'),(121,9,2,'S','“콩과 소를 바꾸었다고 ??”'),(121,10,1,'N','어머니는 화가 나서 콩을 빼앗아 창밖으로 던져 버렸어요.'),(121,10,2,NULL,'(효과음)'),(121,11,1,'N','다음날 아침 잠에서 깨어난 잭은 깜짝 놀라고 말았지요. 커다란 콩나무가 하늘까지 뻗어있었다는 거예요.'),(121,12,1,'M','“우와 어디까지 뻗어있는 거지 신기한데? 한번 올라가볼까?” '),(121,12,2,'N','잭은 콩나무를 오르기 시작했어요.'),(121,13,1,'N','오르고 올라 구름을 뚫고 도착한 곳엔 커다란 성이 있었어요.'),(121,14,1,'N','성안을 둘러보던 잭은 커다란 주방안에 쌓여있는 금화를 보고 깜짝 놀랐어요. 그리고 금화를 들고 도망치기로 결심했어요.'),(121,14,2,NULL,'(효과음)'),(121,15,1,'N','그때였어요.'),(121,15,2,NULL,'“음 ~ 무슨 소리지 !”'),(121,15,3,'N','험상궂게 생긴 거인이 나타났어요. 잭은 얼른 주전자 뒤에 몸을 숨겼어요. 그리고 잭은 다짐했어요.'),(121,15,4,'M','“얼른 콩나무 아래로 내려가야겠다.”'),(121,16,1,'N','잭이 조심조심 콩나무를 내려가고 있을 때 였어요.'),(121,17,1,'N','천둥같은 목소리가 구름위에서 들려왔어요.'),(121,17,2,NULL,'“거기 서 ! 당장 내 암탉을 내놔 !”'),(121,17,3,'N','화가 난 거인이 콩나무를 타고 내려오기 시작했어요.'),(121,18,1,'N','잭은 땅에 무사히 도착해 도끼로 있는 힘껏 콩나무를 쾅쾅 내리찍었어요.'),(121,18,2,NULL,'(효과음)'),(121,19,1,'N','거인은 하는 수 없이 재빨리 하늘로 올라갔어요.'),(121,20,1,'N','잭은 금화를 팔아 어머니의 약과 먹을 음식을 사고 흉년 때문에 힘들어했던 마을사람들도 도와주었답니다.'),(122,1,1,'N','한 마을에 빨간 모자를 쓴 소녀가 살고 있었어요. '),(122,2,1,'N','어느 날, 소녀의 엄마가 말했어요.'),(122,2,2,NULL,'빨간 모자야, 할머니께 이 과자와 빵을 가져다 드리렴. 할머니께서 아프시거든. 한 눈 팔면 안된다~!'),(122,3,1,'N','빨간 모자는 숲 속 길을 걸어서 할머니 집으로 갔어요.'),(122,3,2,'M','할머니, 저 빨리 갈게요!'),(122,4,1,'N','그런데, 늑대가 나타났어요!'),(122,4,2,NULL,'안녕, 빨간 모자야. 넌 어디 가는 거니?'),(122,4,3,'N','늑대가 물었어요.'),(122,5,1,'M','할머니 집으로 가요. 할머니께 바구니를 드리려고요.'),(122,5,2,'N','빨간 모자가 대답했어요.'),(122,6,1,'N','늑대는 속으로 계획을 세웠어요.'),(122,6,2,NULL,'할머니 집에 먼저 가서 할머니를 잡아먹고, 그 다음에는 빨간 모자를 잡아먹겠어!'),(122,7,1,NULL,'빨간 모자야 꽃을 가져가면 할머니께서 좋아하실거야'),(122,7,2,'N','늑대는 빨간 모자를 꽃밭으로 데려간 뒤 할머니 집으로 달려갔어요'),(122,8,1,'N','얼마 뒤 빨간 모자가 꽃다발과 바구니를 들고 할머니 집에 도착했어요'),(122,8,2,'M','할머니 제가 왔어요!'),(122,9,1,NULL,'들어오렴'),(122,9,2,'N','할머니 행세를 하는 늑대의 목소리가 들려왔어요'),(122,10,1,'N','빨간 모자가 물었어요.'),(122,10,2,'M','할머니, 왜 눈이 그렇게 커요?'),(122,11,1,NULL,'너를 더 잘 볼 수 있기 위해서란다, 소녀야.'),(122,11,2,'N','늑대가 씩 웃으며 대답했어요.'),(122,12,1,'N','빨간 모자가 또 물었어요. '),(122,12,2,'M','할머니, 입이 왜 그렇게 커요?'),(122,13,1,NULL,'그야 널 잡아먹기 위해서지!!!'),(122,13,2,'N','늑대가 큰 소리를 외치며 빨간 모자를 꿀꺽 삼켰어요.'),(122,14,1,'N','때마침 지나가던 사냥꾼이 배가 잔뜩 부른 늑대를 발견했어요.'),(122,14,2,'S','아니, 이 못된 늑대가 할머니를 잡아먹었구나!'),(122,15,1,'N','사냥꾼은 늑대의 배를 잘라 할머니와 빨간 모자를 구했어요'),(122,15,2,'S','할머니, 괜찮으세요??'),(122,16,1,'N','그 후 사냥꾼은 늑대의 배에 돌을 가득 채웠어요'),(122,17,1,'N','잠에서 깬 늑대는 배를 움켜 잡고 숲속으로 도망갔어요'),(122,17,2,NULL,'아이고 배야!!!'),(122,18,1,'M','“사냥꾼님 감사합니다! 덕분에 할머니와 제가 무사히 나올 수 있었어요!'),(122,19,1,'S','그래 빨간모자야 다음부터는 길에서 한 눈 팔면 안된다!'),(122,20,1,'N','빨간 모자는 앞으로는 더 조심하겠다고 약속 했어요.'),(122,20,2,'M','네! 앞으로는 길을 벗어나지 않을거에요'),(123,1,1,'N','옛날 옛날 욕심쟁이 형과'),(123,2,1,'N','마음 착한 아우가 살았어'),(123,3,1,'N','어느날 아우가 산에서 나무를 하는데, 개암이 세개가 뚝 떨어졌어요'),(123,4,1,'M','“어? 개암이네 이건 부모님과 형님께 드려야겠다” '),(123,5,1,'N',' 집에 가려는데 날이 저물어 저녁이 되었어요'),(123,5,2,'M','“어? 벌써 이렇게 되었나? 서둘러 가야겠다”'),(123,6,1,'N','아우는 서둘러 갔지만 비까지 와서 내려가기가 너무 어려웠어요 아우는 마침 낡은 집 한 채를 발견했어요'),(123,6,2,'M','“오늘밤은 여기서 보내야겠다”'),(123,7,1,'N','아우가 한참 자고있을때'),(123,7,2,'S','“에헤라 ~ 오늘도 어디 신명 나게 놀아 볼까 ?”'),(123,8,1,'N','시끄러운 소리에 아우는 깜짝 놀라 대들보 위로 숨었어요'),(123,9,1,'S',' 얼쑤~ 절쑤~ 금나와라 뚝딱, 얼쑤~ 절쑤~ 은 나와라 뚝딱'),(123,9,2,'N','도깨비들이 방망이를 뚝딱 내리칠 때마다 금은보화가 와르르 쏟아져 나왔어요.'),(123,10,1,'N','한참 숨어서 지켜보던 아우는 슬슬 배가 고팠어요'),(123,11,1,'M','“아! 맞다. 개암이 있지!”'),(123,11,2,'N','아우는 개암을 하나 꺼내 꽉 깨물었어요'),(123,11,3,NULL,'(효과음)'),(123,12,1,'N','그런데 그 소리를 듣고 도깨비들이 깜짝 놀랐어요'),(123,12,2,NULL,'“어? 이게 무슨소리지?” “어? 집이 무너지려나 봐! 모두 도망쳐!!”'),(123,13,1,'N','도깨비들은 방망이도 팽개치고 꽁지 빠지게 달렸어요'),(123,14,1,'N','덕분에 아우는 남은 금은보화를 다 가져가서 마을에서 큰 부자가 되었지요'),(123,15,1,'N','이 소식을 들은 욕심쟁이 형은 그 길로 개암을 따서 빈집을 찾아갔어요'),(123,16,1,'N','대들보 위에 숨어서 한참을 기다리는데 정말로 도깨비들이 나타났어요'),(123,17,1,NULL,'“이제 나도 큰 부자가 되겠구나!”'),(123,17,2,'N','형은 기회를 보다가 개암을 꺼내 꽉 깨물었어요'),(123,17,3,NULL,'(효과음)'),(123,18,1,NULL,'\"그놈이 또왔다!\"'),(123,19,1,'S','“저위에 있다! 이번에도 속을줄 알고?”'),(123,19,2,NULL,'”어..? 이게 아닌데?”'),(123,20,1,'N','도깨비들이 대들보 위에 숨어 있는 형을 찾아냈어요. 그리고는 떠억 떡, 밤새 형의 볼기를 쳤답니다.');
/*!40000 ALTER TABLE `script` ENABLE KEYS */;
UNLOCK TABLES;

--
-- Table structure for table `user`
--

DROP TABLE IF EXISTS `user`;
/*!40101 SET @saved_cs_client     = @@character_set_client */;
/*!40101 SET character_set_client = utf8 */;
CREATE TABLE `user` (
  `birth` int NOT NULL,
  `first_login` bit(1) NOT NULL,
  `sex` varchar(2) COLLATE utf8mb4_unicode_ci NOT NULL,
  `user_seq` int NOT NULL AUTO_INCREMENT,
  `user_id` varchar(20) COLLATE utf8mb4_unicode_ci NOT NULL,
  `user_name` varchar(20) COLLATE utf8mb4_unicode_ci NOT NULL,
  `user_password` varchar(255) COLLATE utf8mb4_unicode_ci NOT NULL,
  PRIMARY KEY (`user_seq`),
  UNIQUE KEY `user_id_UNIQUE` (`user_id`)
) ENGINE=InnoDB AUTO_INCREMENT=155 DEFAULT CHARSET=utf8mb4 COLLATE=utf8mb4_unicode_ci;
/*!40101 SET character_set_client = @saved_cs_client */;

--
-- Dumping data for table `user`
--

LOCK TABLES `user` WRITE;
/*!40000 ALTER TABLE `user` DISABLE KEYS */;
INSERT INTO `user` VALUES (20201101,_binary '','0',1,'test','test','test'),(19980601,_binary '\0','F',2,'shmon','서현','shmon'),(20100101,_binary '\0','F',3,'test123','test12','test123!'),(20100101,_binary '\0','F',4,'test124','test123','test123!'),(20100101,_binary '\0','F',5,'test22','test2424','test123!'),(20100101,_binary '\0','F',6,'test134','test132','test123!'),(20100101,_binary '\0','F',7,'user7','test2424','test123!'),(20100101,_binary '\0','F',8,'user8','test2424','test123!'),(20100101,_binary '\0','F',9,'user9','test2424','test123!'),(20100101,_binary '','F',10,'user10','test2424','test123!'),(20100101,_binary '\0','F',11,'user11','test2424','test123!'),(20100101,_binary '','F',12,'user12','test2424','test123!'),(20100101,_binary '\0','F',13,'user13','test2424','test123!'),(20100101,_binary '\0','F',14,'user14','test2424','test123!'),(20100101,_binary '\0','F',15,'user15','test2424','test123!'),(20100101,_binary '\0','F',16,'user16','test2424','test123!'),(20100101,_binary '\0','F',17,'user17','test2424','test123!'),(20100101,_binary '\0','F',18,'user18','test2424','test123!'),(20100101,_binary '\0','F',19,'user19','test2424','test123!'),(20100101,_binary '\0','F',20,'user20','test2424','test123!'),(20100101,_binary '\0','F',21,'user21','test2424','test123!'),(20100101,_binary '\0','F',22,'user22','test2424','test123!'),(20100101,_binary '\0','F',23,'user23','test2424','test123!'),(20100101,_binary '\0','F',24,'user24','test2424','test123!'),(20100101,_binary '\0','F',25,'user25','test2424','test123!'),(20100101,_binary '\0','F',26,'user26','test2424','test123!'),(20100101,_binary '\0','F',27,'user27','test2424','test123!'),(20100101,_binary '\0','F',28,'user28','test2424','test123!'),(20100101,_binary '\0','F',29,'user29','test2424','test123!'),(20100101,_binary '\0','F',30,'user30','test2424','test123!'),(20100101,_binary '\0','F',31,'user31','test2424','test123!'),(20100101,_binary '\0','F',32,'user32','test2424','test123!'),(20100101,_binary '\0','F',33,'user33','test2424','test123!'),(20100101,_binary '\0','F',34,'user34','test2424','test123!'),(20100101,_binary '\0','F',35,'user35','test2424','test123!'),(20100101,_binary '\0','F',36,'user36','test2424','test123!'),(20100101,_binary '\0','F',37,'user37','test2424','test123!'),(20100101,_binary '\0','F',38,'user38','test2424','test123!'),(20100101,_binary '\0','F',39,'user39','test2424','test123!'),(20100101,_binary '\0','F',40,'user40','test2424','test123!'),(20100101,_binary '\0','F',41,'user41','test2424','test123!'),(20100101,_binary '\0','F',42,'user42','test2424','test123!'),(20100101,_binary '\0','F',43,'user43','test2424','test123!'),(20100101,_binary '\0','F',44,'user44','test2424','test123!'),(20100101,_binary '\0','F',45,'user45','test2424','test123!'),(20100101,_binary '\0','F',46,'user46','test2424','test123!'),(20100101,_binary '\0','F',47,'user47','test2424','test123!'),(20100101,_binary '\0','F',48,'user48','test2424','test123!'),(20100101,_binary '\0','F',49,'user49','test2424','test123!'),(20100101,_binary '\0','F',50,'user50','test2424','test123!'),(20100101,_binary '\0','F',51,'user51','test2424','test123!'),(20100101,_binary '\0','F',52,'user52','test2424','test123!'),(20100101,_binary '\0','F',53,'user53','test2424','test123!'),(20100101,_binary '\0','F',54,'user54','test2424','test123!'),(20100101,_binary '\0','F',55,'user55','test2424','test123!'),(20100101,_binary '\0','F',56,'user56','test2424','test123!'),(20100101,_binary '\0','F',57,'user57','test2424','test123!'),(20100101,_binary '\0','F',58,'user58','test2424','test123!'),(20100101,_binary '\0','F',59,'user59','test2424','test123!'),(20100101,_binary '\0','F',60,'user60','test2424','test123!'),(20100101,_binary '\0','F',61,'user61','test2424','test123!'),(20100101,_binary '\0','F',62,'user62','test2424','test123!'),(20100101,_binary '\0','F',63,'user63','test2424','test123!'),(20100101,_binary '\0','F',64,'user64','test2424','test123!'),(20100101,_binary '\0','F',65,'user65','test2424','test123!'),(20100101,_binary '\0','F',66,'user66','test2424','test123!'),(20100101,_binary '\0','F',67,'user67','test2424','test123!'),(20100101,_binary '\0','F',68,'user68','test2424','test123!'),(20100101,_binary '\0','F',69,'user69','test2424','test123!'),(20100101,_binary '\0','F',70,'user70','test2424','test123!'),(20100101,_binary '\0','F',71,'user71','test2424','test123!'),(20100101,_binary '\0','F',72,'user72','test2424','test123!'),(20100101,_binary '\0','F',73,'user73','test2424','test123!'),(20100101,_binary '\0','F',74,'user74','test2424','test123!'),(20100101,_binary '\0','F',75,'user75','test2424','test123!'),(20100101,_binary '\0','F',76,'user76','test2424','test123!'),(20100101,_binary '\0','F',77,'user77','test2424','test123!'),(20100101,_binary '\0','F',78,'user78','test2424','test123!'),(20100101,_binary '\0','F',79,'user79','test2424','test123!'),(20100101,_binary '\0','F',80,'user80','test2424','test123!'),(20100101,_binary '\0','F',81,'user81','test2424','test123!'),(20100101,_binary '\0','F',82,'user82','test2424','test123!'),(20100101,_binary '\0','F',83,'user83','test2424','test123!'),(20100101,_binary '\0','F',84,'user84','test2424','test123!'),(20100101,_binary '\0','F',85,'user85','test2424','test123!'),(20100101,_binary '\0','F',86,'user86','test2424','test123!'),(20100101,_binary '\0','F',87,'user87','test2424','test123!'),(20100101,_binary '\0','F',88,'user88','test2424','test123!'),(20100101,_binary '\0','F',89,'user89','test2424','test123!'),(20100101,_binary '\0','F',90,'user90','test2424','test123!'),(20100101,_binary '\0','F',91,'user91','test2424','test123!'),(20100101,_binary '\0','F',92,'user92','test2424','test123!'),(20100101,_binary '\0','F',93,'user93','test2424','test123!'),(20100101,_binary '\0','F',94,'user94','test2424','test123!'),(20100101,_binary '\0','F',95,'user95','test2424','test123!'),(20100101,_binary '\0','F',96,'user96','test2424','test123!'),(20100101,_binary '\0','F',97,'user97','test2424','test123!'),(20100101,_binary '\0','F',98,'user98','test2424','test123!'),(20100101,_binary '\0','F',99,'user99','test2424','test123!'),(20100101,_binary '\0','F',100,'user100','test2424','test123!'),(20020222,_binary '\0','F',103,'EnrEkrdl','뚝딱이','EnrEkr2!@'),(20020222,_binary '\0','F',106,'EhrEkrdl','똑딱이','EnrEkr2!@'),(20020222,_binary '\0','F',108,'EhrEkrdld','EKrdl','EnrEkr2!@'),(10398208,_binary '\0','F',111,'hyewon','혜원','gPdnjs!@'),(19950803,_binary '\0','M',112,'741u741','qkrwngjs','e3120b10a096819796b1f68b4d63e5d33ced933767d623cc917dc6ac1bbcb880'),(19302847,_binary '','M',113,'tjddms','강성은','tjddms@!'),(19950924,_binary '','M',114,'dudwls95','박영진	','as950924'),(19961211,_binary '\0','F',116,'abcdef','abcdef','abcdef'),(19961211,_binary '','M',118,'tttttt','ttt','96cae35ce8a9b0244178bf28e4966c2ce1b8385723a96a6b838858cdd6ca0a1e'),(20090313,_binary '\0','M',121,'dudwls','dudwls','ff1d7bb4d8abc1a4e5127fd5db5984d0147c0096b1df790988620c657199da76'),(12092983,_binary '','M',122,'hyewone','hyewon','11a15035395ad20357687132e337146048ad497fdb023d33df53c9783a77aff7'),(19950803,_binary '\0','M',123,'741o741','박주헌','e3120b10a096819796b1f68b4d63e5d33ced933767d623cc917dc6ac1bbcb880'),(19883728,_binary '','M',125,'hyewon2','adfa','acc1e175b4e901985b85db1e1fc5e49b78ab8462171d15dc8933dbb938954c63'),(19950924,_binary '\0','M',126,'dudwls00','park','8f43a795564bfea56ef1e92feac0408f613fa20f39f6f49885a6591e414cdd5b'),(19950924,_binary '\0','M',127,'dudwls000','park','8f43a795564bfea56ef1e92feac0408f613fa20f39f6f49885a6591e414cdd5b'),(18271982,_binary '\0','F',128,'gPdnjs','gPdnjs','6a226f986e3f984c12f2409b1bb1490041fb3212bc6bd0b5dd39d44553f91574'),(19990525,_binary '\0','F',129,'dahee','다희','90f42a8c4fcc3b35f635bf7bf783703fb86c1261343f0e5dd2c5d50765e77e0d'),(19990525,_binary '\0','F',130,'dahee123','김다희','90f42a8c4fcc3b35f635bf7bf783703fb86c1261343f0e5dd2c5d50765e77e0d'),(19950924,_binary '\0','M',131,'ssafy01','이름','1a74acfefa3572c39533c4b24281a64396d2b4f8b2b985d1811e55179c9365fa'),(19980601,_binary '\0','F',132,'asasasas','서현','d2cf302eadfe3152a449e098e91d1998f04342c5765718aa96cec6335538176e'),(19990525,_binary '\0','M',133,'12341234','ㅇㅇㅇㅇㅇㅇㅇㅇ','85189c34f5df35582de4ea2208bbda6efc5cde8e0b3c2fc6422a64f4d657bd74'),(18273837,_binary '\0','M',134,'Dudwls2','영진','87c46e17ba5abafc0cf007d462c8934f4a00ce611f837989cd3b20a6315fa1a5'),(12345687,_binary '\0','F',135,'Qwe123','Qwe','9562e38621d884b94e6e5c80d50c840c1ffdce6799172dab2e5695caa9e20263'),(20190101,_binary '\0','F',136,'ssafy1','나이름','8f43a795564bfea56ef1e92feac0408f613fa20f39f6f49885a6591e414cdd5b'),(46561324,_binary '\0','M',137,'asd123','뚝딱이','11a15035395ad20357687132e337146048ad497fdb023d33df53c9783a77aff7'),(20240219,_binary '\0','M',138,'admins','성완','2d19ae759dbad990201f30746ad993a4075a8bc1db1795e18d7c33ab6df907ae'),(20394728,_binary '\0','M',139,'dlsxmfh','intro','bf63ae0da5fddf7ac29cfaf5796b98d8d23f644d92f957bd8beede77b571b030'),(2398482,_binary '\0','M',140,'dlsxmfh2','intro2','f5e6e4c94a2a540b3d156474b81754cd117c9456d5a1b41caf0886964b6e5b39'),(20203934,_binary '\0','M',141,'Ekrdl2','Ekrdl','dccd8b3d1bfcdce7ce8ba2618fb564a94ddac7cede981bfd175264d47758ff19'),(20000809,_binary '\0','F',142,'opklnm','Qqqq','67515f3c150d624e139fcb29f1fb4365a40efcb570e1d7cec9eda9225c9be40e'),(20110101,_binary '\0','F',143,'dudwlsdl','회원이','16a852915b2ec19579e11a1544ce2f844323eeb16ac87ff11733d2f20ab3381d'),(23384744,_binary '\0','F',144,'duwkdkdl','여자아이','492f97868a29ef0568242ca3dc814bc24027cd61776b10e4e695b22a3bd6a67f'),(10293847,_binary '\0','M',145,'skawkdkdl','남자아이','0975a17490ca6db44b43da1734c3476aacc59cabf2a3138cb13b70ab11680b22'),(30394849,_binary '','M',146,'rmdls2','로그인','3f1180591a28de9c8894dc6c291549fe48713fc65683ecf4444ebb52f07c8644'),(18754976,_binary '\0','F',147,'Qwer123','Qwe','f8d83b7ecdf873460ea6570b4ba448f9d3e2367652e92a34c2e674648921d728'),(98857608,_binary '\0','F',148,'Qwerty','Qwefrty','195f62edd40a1d9b0c6407104596d6c29e2b408ecc1cc964e803376917ab1fd0'),(20110101,_binary '\0','F',149,'dudwls99','테스형','807f8f862e245d25bc3f553ee1d9f26d0bccd9d4c1dc0621ebb02aaef9f9dedf'),(8795632,_binary '\0','F',150,'Azxsdc','Azxs','15ddab9a24735c30b18c9dcc8edd2ef10e16b7ad5c304ae75bfbd32d21511442'),(19990808,_binary '\0','F',151,'Qwerta','박영진','d962e48b5f39db167571a3668556429a097c934d9bc2ff7a0cf769f12606a301'),(12093180,_binary '\0','F',152,'tofhtofh','tofh','e8841f5153fbf9d6832ff20b9c5d253a707330de54523a6fa10158639832d9ad'),(19283748,_binary '\0','M',153,'finals','final','1680a87546d966f8a57719a8b45c0cc9f7d6450c1e2da09415d6be7824ce96e2'),(8765983,_binary '\0','F',154,'Dkdlel','여자딱이','624f9b48e97f838af2e43fd5c520083482b5b2a783081c8f6c83fdd53651d332');
/*!40000 ALTER TABLE `user` ENABLE KEYS */;
UNLOCK TABLES;

--
-- Table structure for table `voice`
--

DROP TABLE IF EXISTS `voice`;
/*!40101 SET @saved_cs_client     = @@character_set_client */;
/*!40101 SET character_set_client = utf8 */;
CREATE TABLE `voice` (
  `user_seq` int NOT NULL,
  `voice_id` int NOT NULL AUTO_INCREMENT,
  `voice_name` varchar(20) COLLATE utf8mb4_unicode_ci NOT NULL,
  `voice_model_id` varchar(40) COLLATE utf8mb4_unicode_ci NOT NULL,
  PRIMARY KEY (`voice_id`),
  KEY `FK2fwluq5n8bdu726587eibyj9q` (`user_seq`),
  CONSTRAINT `FK2fwluq5n8bdu726587eibyj9q` FOREIGN KEY (`user_seq`) REFERENCES `user` (`user_seq`)
) ENGINE=InnoDB AUTO_INCREMENT=48 DEFAULT CHARSET=utf8mb4 COLLATE=utf8mb4_unicode_ci;
/*!40101 SET character_set_client = @saved_cs_client */;

--
-- Dumping data for table `voice`
--

LOCK TABLES `voice` WRITE;
/*!40000 ALTER TABLE `voice` DISABLE KEYS */;
INSERT INTO `voice` VALUES (138,40,'박영진','Q3R7PoUvkJmeZWBrwhXC'),(138,41,'혜원맘','nfcAC35YU68cqH23qecy'),(118,43,'Me','qzgtfwzbj2CeGR7BA5zp'),(138,47,'성완','Aj3FzBP6dmfEZ6PryaZ9');
/*!40000 ALTER TABLE `voice` ENABLE KEYS */;
UNLOCK TABLES;
/*!40103 SET TIME_ZONE=@OLD_TIME_ZONE */;

/*!40101 SET SQL_MODE=@OLD_SQL_MODE */;
/*!40014 SET FOREIGN_KEY_CHECKS=@OLD_FOREIGN_KEY_CHECKS */;
/*!40014 SET UNIQUE_CHECKS=@OLD_UNIQUE_CHECKS */;
/*!40101 SET CHARACTER_SET_CLIENT=@OLD_CHARACTER_SET_CLIENT */;
/*!40101 SET CHARACTER_SET_RESULTS=@OLD_CHARACTER_SET_RESULTS */;
/*!40101 SET COLLATION_CONNECTION=@OLD_COLLATION_CONNECTION */;
/*!40111 SET SQL_NOTES=@OLD_SQL_NOTES */;

-- Dump completed on 2024-04-04 11:42:08
